-- phpMyAdmin SQL Dump
-- version 4.9.5
-- https://www.phpmyadmin.net/
--
-- Host: localhost:3306
-- Generation Time: Sep 13, 2021 at 09:49 PM
-- Server version: 5.7.24
-- PHP Version: 7.4.1

SET SQL_MODE = "NO_AUTO_VALUE_ON_ZERO";
SET AUTOCOMMIT = 0;
START TRANSACTION;
SET time_zone = "+00:00";


/*!40101 SET @OLD_CHARACTER_SET_CLIENT=@@CHARACTER_SET_CLIENT */;
/*!40101 SET @OLD_CHARACTER_SET_RESULTS=@@CHARACTER_SET_RESULTS */;
/*!40101 SET @OLD_COLLATION_CONNECTION=@@COLLATION_CONNECTION */;
/*!40101 SET NAMES utf8mb4 */;

--
-- Database: `monitus`
--

-- --------------------------------------------------------

--
-- Table structure for table `answer`
--

CREATE TABLE `answer` (
  `answer_id` int(11) NOT NULL,
  `description` varchar(255) NOT NULL,
  `question_id` int(11) NOT NULL
) ENGINE=InnoDB DEFAULT CHARSET=utf8;

-- --------------------------------------------------------

--
-- Table structure for table `generated_assessment`
--

CREATE TABLE `generated_assessment` (
  `Assessment_id` int(11) NOT NULL,
  `Assessment_type` varchar(255) NOT NULL,
  `Assessment_Date` varchar(1000) DEFAULT NULL,
  `DueDate` date NOT NULL,
  `Active` tinyint(1) NOT NULL,
  `Subject_id` int(11) NOT NULL,
  `Num_Questions` int(11) NOT NULL,
  `Total_Marks` int(11) NOT NULL,
  `Options` varchar(3000) NOT NULL,
  `Question` varchar(500) NOT NULL,
  `teacher_id` int(11) NOT NULL,
  `Answers` varchar(1000) NOT NULL,
  `time_set` varchar(1000) DEFAULT NULL,
  `teacher` varchar(100) DEFAULT NULL,
  `subject` varchar(100) DEFAULT NULL,
  `started` int(11) DEFAULT NULL
) ENGINE=InnoDB DEFAULT CHARSET=utf8;

--
-- Dumping data for table `generated_assessment`
--

INSERT INTO `generated_assessment` (`Assessment_id`, `Assessment_type`, `Assessment_Date`, `DueDate`, `Active`, `Subject_id`, `Num_Questions`, `Total_Marks`, `Options`, `Question`, `teacher_id`, `Answers`, `time_set`, `teacher`, `subject`, `started`) VALUES
(4, '0', '2021-10-08', '2021-09-11', 0, 11, 2, 2, '1,2,3,4,1,2,3,4', 'three,two', 1, '3,2', '1631204584268', 'Shurlock', 'Afrikaans ', 0),
(5, '0', '2021-09-21', '2021-09-23', 1, 11, 1, 1, '1,12,12,one', 'digit one', 1, '1', '1631204812988', 'Mr_Frith', 'Afrikaans ', 0),
(7, '0', '2021-09-10', '2021-09-11', 0, 11, 1, 1, 'Adonis,Adonis,Adonis,Adonis', 'select one', 1, '1', '2021-09-10', 'Mr_Frith', 'Afrikaans ', NULL),
(8, '0', '2021-09-10', '2021-12-23', 1, 11, 1, 1, 'king,tut,Adonis,1', 'Select adonis', 1, '3', '1631296144400', 'Mr_Frith', 'Afrikaans ', NULL),
(9, '0', '2021-09-10', '2021-09-18', 1, 11, 2, 2, '1,1,1,1,2,2,2,2', 'select one,select 2', 1, '3,2', '1631296224284', 'Mr_Frith', 'Afrikaans ', NULL);

-- --------------------------------------------------------

--
-- Table structure for table `grade`
--

CREATE TABLE `grade` (
  `grade_id` int(11) NOT NULL
) ENGINE=InnoDB DEFAULT CHARSET=utf8;

--
-- Dumping data for table `grade`
--

INSERT INTO `grade` (`grade_id`) VALUES
(8),
(9),
(10),
(11),
(12);

-- --------------------------------------------------------

--
-- Table structure for table `newsletters`
--

CREATE TABLE `newsletters` (
  `news_id` int(11) NOT NULL,
  `headline` varchar(255) NOT NULL,
  `message` varchar(1100) NOT NULL,
  `date_published` datetime NOT NULL,
  `recp_id` int(11) NOT NULL
) ENGINE=InnoDB DEFAULT CHARSET=utf8;

--
-- Dumping data for table `newsletters`
--

INSERT INTO `newsletters` (`news_id`, `headline`, `message`, `date_published`, `recp_id`) VALUES
(7, 'Schools to reopen on Monday', 'Schools to reopen on Monday lol', '2021-08-11 00:00:00', 1);

-- --------------------------------------------------------

--
-- Table structure for table `pdf_assessment`
--

CREATE TABLE `pdf_assessment` (
  `Assessment_id` int(11) NOT NULL,
  `Assessment_Name` varchar(255) NOT NULL,
  `Assessment_Date` date NOT NULL,
  `DueDate` date NOT NULL,
  `Active` tinyint(1) NOT NULL,
  `Subject_id` int(11) NOT NULL,
  `Duration` int(11) NOT NULL,
  `Num_marks` int(11) NOT NULL,
  `PDF_File` varchar(255) NOT NULL,
  `Time` time NOT NULL,
  `teacher_id` int(11) NOT NULL,
  `Teacher` varchar(50) NOT NULL,
  `Subject` varchar(50) NOT NULL,
  `time_set` varchar(100) DEFAULT NULL
) ENGINE=InnoDB DEFAULT CHARSET=utf8;

--
-- Dumping data for table `pdf_assessment`
--

INSERT INTO `pdf_assessment` (`Assessment_id`, `Assessment_Name`, `Assessment_Date`, `DueDate`, `Active`, `Subject_id`, `Duration`, `Num_marks`, `PDF_File`, `Time`, `teacher_id`, `Teacher`, `Subject`, `time_set`) VALUES
(24, 'VRAESTEL_3', '2021-09-08', '2021-09-09', 0, 11, 20210908, 0, 'file-1631135568296.pdf', '11:15:00', 1, 'Frith', 'Afrikaans', '1631135568338'),
(25, 'prac_02', '2021-09-10', '2021-09-09', 0, 11, 20210910, 0, 'file-1631291972122.pdf', '18:41:00', 1, 'Frith', 'Afrikaans', '1631291972206'),
(26, 'Adonis_is_king', '2021-09-10', '2021-12-09', 1, 11, 20210910, 0, 'file-1631296271089.pdf', '20:50:00', 1, 'Frith', 'Afrikaans', '1631296271143');

-- --------------------------------------------------------

--
-- Table structure for table `question`
--

CREATE TABLE `question` (
  `question_id` int(11) NOT NULL,
  `description` varchar(255) NOT NULL,
  `mark` int(11) NOT NULL,
  `assessment_id` int(11) NOT NULL
) ENGINE=InnoDB DEFAULT CHARSET=utf8;

-- --------------------------------------------------------

--
-- Table structure for table `receptionist`
--

CREATE TABLE `receptionist` (
  `id` int(11) NOT NULL,
  `username` varchar(255) NOT NULL,
  `name` varchar(255) NOT NULL,
  `surname` varchar(255) NOT NULL,
  `password` varchar(255) NOT NULL,
  `email` varchar(255) NOT NULL,
  `id_number` varchar(255) NOT NULL,
  `active` tinyint(1) NOT NULL,
  `rank` int(11) NOT NULL,
  `title` varchar(10) NOT NULL
) ENGINE=InnoDB DEFAULT CHARSET=utf8;

--
-- Dumping data for table `receptionist`
--

INSERT INTO `receptionist` (`id`, `username`, `name`, `surname`, `password`, `email`, `id_number`, `active`, `rank`, `title`) VALUES
(1, 'kibell0', 'Kippie', 'Ibell', '$2b$10$lNs8PW2a8V9ZQP0mJKw9XeBDsSrImRs/ZSxohLpFua4eg4dYwzZva', 'kibell0@reference.com', '9305087094', 1, 2, 'Mr'),
(2, 'cjankowski1', 'Carver', 'Jankowski', '$2b$10$lNs8PW2a8V9ZQP0mJKw9XeBDsSrImRs/ZSxohLpFua4eg4dYwzZva', 'cjankowski1@delicious.com', '2968595482', 1, 2, 'Ms');

-- --------------------------------------------------------

--
-- Table structure for table `results`
--

CREATE TABLE `results` (
  `results_id` int(11) NOT NULL,
  `final_Mark` double DEFAULT NULL,
  `subject_id` int(11) NOT NULL,
  `student_id` int(11) NOT NULL
) ENGINE=InnoDB DEFAULT CHARSET=utf8;

-- --------------------------------------------------------

--
-- Table structure for table `student`
--

CREATE TABLE `student` (
  `id` int(11) NOT NULL,
  `grade_id` int(11) NOT NULL,
  `username` varchar(255) NOT NULL,
  `name` varchar(255) NOT NULL,
  `surname` varchar(255) NOT NULL,
  `password` varchar(255) NOT NULL,
  `email` varchar(255) NOT NULL,
  `id_number` varchar(255) NOT NULL,
  `active` tinyint(1) NOT NULL,
  `rank` int(11) NOT NULL,
  `title` varchar(10) NOT NULL
) ENGINE=InnoDB DEFAULT CHARSET=utf8;

--
-- Dumping data for table `student`
--

INSERT INTO `student` (`id`, `grade_id`, `username`, `name`, `surname`, `password`, `email`, `id_number`, `active`, `rank`, `title`) VALUES
(1, 8, 'jknappitt0', 'Jillayne', 'Knappitt', '$2b$10$lNs8PW2a8V9ZQP0mJKw9XeBDsSrImRs/ZSxohLpFua4eg4dYwzZva', 'jknappitt0@lycos.com', '6512090454', 1, 0, 'Mr'),
(2, 8, 'ecampelli1', 'Evangelia', 'Campelli', '$2b$10$lNs8PW2a8V9ZQP0mJKw9XeBDsSrImRs/ZSxohLpFua4eg4dYwzZva', 'ecampelli1@themeforest.net', '0700490884', 1, 0, 'Mr'),
(3, 11, 'dnewart2', 'Dieter', 'Newart', '$2b$10$lNs8PW2a8V9ZQP0mJKw9XeBDsSrImRs/ZSxohLpFua4eg4dYwzZva', 'dnewart2@google.com', '1881431746', 1, 0, 'Mr'),
(4, 10, 'jgallemore3', 'Justin', 'Gallemore', '$2b$10$lNs8PW2a8V9ZQP0mJKw9XeBDsSrImRs/ZSxohLpFua4eg4dYwzZva', 'jgallemore3@sphinn.com', '4341349449', 1, 0, 'Mr'),
(5, 11, 'laudus4', 'Lin', 'Audus', '$2b$10$lNs8PW2a8V9ZQP0mJKw9XeBDsSrImRs/ZSxohLpFua4eg4dYwzZva', 'laudus4@psu.edu', '7127805822', 1, 0, 'Mr'),
(6, 11, 'scolliard5', 'Sandye', 'Colliard', '$2b$10$lNs8PW2a8V9ZQP0mJKw9XeBDsSrImRs/ZSxohLpFua4eg4dYwzZva', 'scolliard5@about.me', '8368842964', 1, 0, 'Mr'),
(7, 11, 'abanke6', 'Aurora', 'Banke', '$2b$10$lNs8PW2a8V9ZQP0mJKw9XeBDsSrImRs/ZSxohLpFua4eg4dYwzZva', 'abanke6@goo.ne.jp', '2105436587', 1, 0, 'Mr'),
(8, 12, 'jjardein7', 'John', 'Jardein', '$2b$10$lNs8PW2a8V9ZQP0mJKw9XeBDsSrImRs/ZSxohLpFua4eg4dYwzZva', 'jjardein7@mapquest.com', '5674758034', 1, 0, 'Mr'),
(9, 11, 'abrowne8', 'Alfy', 'Browne', '$2b$10$lNs8PW2a8V9ZQP0mJKw9XeBDsSrImRs/ZSxohLpFua4eg4dYwzZva', 'abrowne8@whitehouse.gov', '1727464001', 1, 0, 'Mr'),
(10, 10, 'ncheeney9', 'Nevil', 'Cheeney', '$2b$10$lNs8PW2a8V9ZQP0mJKw9XeBDsSrImRs/ZSxohLpFua4eg4dYwzZva', 'ncheeney9@drupal.org', '0195980255', 1, 0, 'Mr'),
(11, 11, 'nmycrofta', 'Norton', 'Mycroft', '$2b$10$lNs8PW2a8V9ZQP0mJKw9XeBDsSrImRs/ZSxohLpFua4eg4dYwzZva', 'nmycrofta@sohu.com', '7787771380', 1, 0, 'Mr'),
(12, 9, 'cromaineb', 'Carlyn', 'Romaine', '$2b$10$lNs8PW2a8V9ZQP0mJKw9XeBDsSrImRs/ZSxohLpFua4eg4dYwzZva', 'cromaineb@miibeian.gov.cn', '7356569361', 1, 0, 'Mr'),
(13, 11, 'mdairtonc', 'Milo', 'Dairton', '$2b$10$lNs8PW2a8V9ZQP0mJKw9XeBDsSrImRs/ZSxohLpFua4eg4dYwzZva', 'mdairtonc@yolasite.com', '3743118432', 1, 0, 'Mr'),
(14, 12, 'mwagerd', 'Milissent', 'Wager', '$2b$10$lNs8PW2a8V9ZQP0mJKw9XeBDsSrImRs/ZSxohLpFua4eg4dYwzZva', 'mwagerd@nih.gov', '0054735939', 1, 0, 'Mr'),
(15, 10, 'hiannelloe', 'Ham', 'Iannello', '$2b$10$lNs8PW2a8V9ZQP0mJKw9XeBDsSrImRs/ZSxohLpFua4eg4dYwzZva', 'hiannelloe@domainmarket.com', '5026388965', 1, 0, 'Mr'),
(16, 9, 'gpettyf', 'Grantham', 'Petty', '$2b$10$lNs8PW2a8V9ZQP0mJKw9XeBDsSrImRs/ZSxohLpFua4eg4dYwzZva', 'gpettyf@uiuc.edu', '7946465351', 1, 0, 'Mr'),
(17, 11, 'scastellog', 'Shawn', 'Castello', '$2b$10$lNs8PW2a8V9ZQP0mJKw9XeBDsSrImRs/ZSxohLpFua4eg4dYwzZva', 'scastellog@unesco.org', '8256285052', 1, 0, 'Mr'),
(18, 9, 'dnapolioneh', 'Doe', 'Napolione', '$2b$10$lNs8PW2a8V9ZQP0mJKw9XeBDsSrImRs/ZSxohLpFua4eg4dYwzZva', 'dnapolioneh@yahoo.com', '5197669985', 1, 0, 'Mr'),
(19, 8, 'aremeri', 'Abraham', 'Remer', '$2b$10$lNs8PW2a8V9ZQP0mJKw9XeBDsSrImRs/ZSxohLpFua4eg4dYwzZva', 'aremeri@ycombinator.com', '4420903678', 1, 0, 'Mr'),
(20, 9, 'tgeallj', 'Trent', 'Geall', '$2b$10$lNs8PW2a8V9ZQP0mJKw9XeBDsSrImRs/ZSxohLpFua4eg4dYwzZva', 'tgeallj@nsw.gov.au', '4649425328', 1, 0, 'Mr'),
(21, 11, 'tkohnertk', 'Tammie', 'Kohnert', '$2b$10$lNs8PW2a8V9ZQP0mJKw9XeBDsSrImRs/ZSxohLpFua4eg4dYwzZva', 'tkohnertk@domainmarket.com', '0046841539', 1, 0, 'Mr'),
(22, 11, 'amourbeyl', 'Anderson', 'Mourbey', '$2b$10$lNs8PW2a8V9ZQP0mJKw9XeBDsSrImRs/ZSxohLpFua4eg4dYwzZva', 'amourbeyl@gnu.org', '3029141829', 1, 0, 'Mr'),
(23, 12, 'coneillm', 'Corny', 'Oneill', '$2b$10$lNs8PW2a8V9ZQP0mJKw9XeBDsSrImRs/ZSxohLpFua4eg4dYwzZva', 'coneillm@networkadvertising.org', '4296832484', 1, 0, 'Mr'),
(24, 10, 'msarathn', 'Miguelita', 'Sarath', '$2b$10$lNs8PW2a8V9ZQP0mJKw9XeBDsSrImRs/ZSxohLpFua4eg4dYwzZva', 'msarathn@bloglovin.com', '4382381819', 1, 0, 'Mr'),
(25, 8, 'afrisbyo', 'Angy', 'Frisby', '$2b$10$lNs8PW2a8V9ZQP0mJKw9XeBDsSrImRs/ZSxohLpFua4eg4dYwzZva', 'afrisbyo@imdb.com', '2647501084', 1, 0, 'Mr'),
(26, 8, 'ebrewsep', 'Ermengarde', 'Brewse', '$2b$10$lNs8PW2a8V9ZQP0mJKw9XeBDsSrImRs/ZSxohLpFua4eg4dYwzZva', 'ebrewsep@globo.com', '2772084965', 1, 0, 'Mr'),
(27, 10, 'llawilleq', 'Lu', 'La Wille', '$2b$10$lNs8PW2a8V9ZQP0mJKw9XeBDsSrImRs/ZSxohLpFua4eg4dYwzZva', 'llawilleq@google.com.br', '6465998599', 1, 0, 'Mr'),
(28, 9, 'lspirer', 'Leigh', 'Spire', '$2b$10$lNs8PW2a8V9ZQP0mJKw9XeBDsSrImRs/ZSxohLpFua4eg4dYwzZva', 'lspirer@naver.com', '4491530602', 1, 0, 'Mr'),
(29, 9, 'jkeenes', 'Jean', 'Keene', '$2b$10$lNs8PW2a8V9ZQP0mJKw9XeBDsSrImRs/ZSxohLpFua4eg4dYwzZva', 'jkeenes@wp.com', '5565953618', 1, 0, 'Mr'),
(30, 9, 'afidlert', 'Annice', 'Fidler', '$2b$10$lNs8PW2a8V9ZQP0mJKw9XeBDsSrImRs/ZSxohLpFua4eg4dYwzZva', 'afidlert@microsoft.com', '7074079480', 1, 0, 'Mr'),
(31, 10, 'jbenedicteu', 'Joye', 'Benedicte', '$2b$10$lNs8PW2a8V9ZQP0mJKw9XeBDsSrImRs/ZSxohLpFua4eg4dYwzZva', 'jbenedicteu@squarespace.com', '1678170399', 1, 0, 'Mr'),
(32, 11, 'cclellev', 'Conway', 'Clelle', '$2b$10$lNs8PW2a8V9ZQP0mJKw9XeBDsSrImRs/ZSxohLpFua4eg4dYwzZva', 'cclellev@sohu.com', '4626741347', 1, 0, 'Mr'),
(33, 11, 'ctutchenerw', 'Cati', 'Tutchener', '$2b$10$lNs8PW2a8V9ZQP0mJKw9XeBDsSrImRs/ZSxohLpFua4eg4dYwzZva', 'ctutchenerw@google.ru', '1630751685', 1, 0, 'Mr'),
(34, 9, 'gtrailx', 'Gottfried', 'Trail', '$2b$10$lNs8PW2a8V9ZQP0mJKw9XeBDsSrImRs/ZSxohLpFua4eg4dYwzZva', 'gtrailx@yandex.ru', '1273271416', 1, 0, 'Mr'),
(35, 9, 'rdonisiy', 'Rayshell', 'Donisi', '$2b$10$lNs8PW2a8V9ZQP0mJKw9XeBDsSrImRs/ZSxohLpFua4eg4dYwzZva', 'rdonisiy@yolasite.com', '7215020118', 1, 0, 'Mr'),
(36, 8, 'iwakerleyz', 'Isabella', 'Wakerley', '$2b$10$lNs8PW2a8V9ZQP0mJKw9XeBDsSrImRs/ZSxohLpFua4eg4dYwzZva', 'iwakerleyz@washingtonpost.com', '2536100065', 1, 0, 'Mr'),
(37, 9, 'hrobelin10', 'Hamilton', 'Robelin', '$2b$10$lNs8PW2a8V9ZQP0mJKw9XeBDsSrImRs/ZSxohLpFua4eg4dYwzZva', 'hrobelin10@google.pl', '7547673848', 1, 0, 'Mr'),
(38, 12, 'mfagence11', 'Muhammad', 'Fagence', '$2b$10$lNs8PW2a8V9ZQP0mJKw9XeBDsSrImRs/ZSxohLpFua4eg4dYwzZva', 'mfagence11@auda.org.au', '7775343362', 1, 0, 'Mr'),
(39, 10, 'hvoak12', 'Hurley', 'Voak', '$2b$10$lNs8PW2a8V9ZQP0mJKw9XeBDsSrImRs/ZSxohLpFua4eg4dYwzZva', 'hvoak12@state.tx.us', '0959500995', 1, 0, 'Mr'),
(40, 12, 'mspoor13', 'Marven', 'Spoor', '$2b$10$lNs8PW2a8V9ZQP0mJKw9XeBDsSrImRs/ZSxohLpFua4eg4dYwzZva', 'mspoor13@etsy.com', '1456725068', 1, 0, 'Mr'),
(41, 12, 'tjuszczyk14', 'Thornie', 'Juszczyk', '$2b$10$lNs8PW2a8V9ZQP0mJKw9XeBDsSrImRs/ZSxohLpFua4eg4dYwzZva', 'tjuszczyk14@time.com', '6645593643', 1, 0, 'Mr'),
(42, 8, 'sdouche15', 'Sophey', 'Douche', '$2b$10$lNs8PW2a8V9ZQP0mJKw9XeBDsSrImRs/ZSxohLpFua4eg4dYwzZva', 'sdouche15@nhs.uk', '2710113406', 1, 0, 'Mr'),
(43, 11, 'mpaudin16', 'Maude', 'Paudin', '$2b$10$lNs8PW2a8V9ZQP0mJKw9XeBDsSrImRs/ZSxohLpFua4eg4dYwzZva', 'mpaudin16@bigcartel.com', '4558325878', 1, 0, 'Mr'),
(44, 10, 'uwithur17', 'Ursuline', 'Withur', '$2b$10$lNs8PW2a8V9ZQP0mJKw9XeBDsSrImRs/ZSxohLpFua4eg4dYwzZva', 'uwithur17@is.gd', '8720427255', 1, 0, 'Mr'),
(45, 8, 'mfeldklein18', 'Mickie', 'Feldklein', '$2b$10$lNs8PW2a8V9ZQP0mJKw9XeBDsSrImRs/ZSxohLpFua4eg4dYwzZva', 'mfeldklein18@icio.us', '0061778915', 1, 0, 'Mr'),
(46, 11, 'spennington19', 'Suzie', 'Pennington', '$2b$10$lNs8PW2a8V9ZQP0mJKw9XeBDsSrImRs/ZSxohLpFua4eg4dYwzZva', 'spennington19@moonfruit.com', '5440744487', 1, 0, 'Mr'),
(47, 10, 'rbackwell1a', 'Rennie', 'Backwell', '$2b$10$lNs8PW2a8V9ZQP0mJKw9XeBDsSrImRs/ZSxohLpFua4eg4dYwzZva', 'rbackwell1a@newsvine.com', '6126054741', 1, 0, 'Mr'),
(48, 11, 'eerickssen1b', 'Ernestine', 'Erickssen', '$2b$10$lNs8PW2a8V9ZQP0mJKw9XeBDsSrImRs/ZSxohLpFua4eg4dYwzZva', 'eerickssen1b@intel.com', '4314588942', 1, 0, 'Mr'),
(49, 12, 'bstorms1c', 'Baryram', 'Storms', '$2b$10$lNs8PW2a8V9ZQP0mJKw9XeBDsSrImRs/ZSxohLpFua4eg4dYwzZva', 'bstorms1c@tripadvisor.com', '4345371597', 1, 0, 'Mr'),
(50, 10, 'xhubert1d', 'Xever', 'Hubert', '$2b$10$lNs8PW2a8V9ZQP0mJKw9XeBDsSrImRs/ZSxohLpFua4eg4dYwzZva', 'xhubert1d@smh.com.au', '0088939855', 1, 0, 'Mr'),
(51, 9, 'bkerwick1e', 'Batholomew', 'Kerwick', '$2b$10$lNs8PW2a8V9ZQP0mJKw9XeBDsSrImRs/ZSxohLpFua4eg4dYwzZva', 'bkerwick1e@dailymotion.com', '8712073725', 1, 0, 'Mr'),
(52, 9, 'dhadlee1f', 'Dougie', 'Hadlee', '$2b$10$lNs8PW2a8V9ZQP0mJKw9XeBDsSrImRs/ZSxohLpFua4eg4dYwzZva', 'dhadlee1f@nifty.com', '1031599290', 1, 0, 'Mr'),
(53, 12, 'agherardini1g', 'Aldon', 'Gherardini', '$2b$10$lNs8PW2a8V9ZQP0mJKw9XeBDsSrImRs/ZSxohLpFua4eg4dYwzZva', 'agherardini1g@yandex.ru', '1593190344', 1, 0, 'Mr'),
(54, 10, 'nmartschke1h', 'Nollie', 'Martschke', '$2b$10$lNs8PW2a8V9ZQP0mJKw9XeBDsSrImRs/ZSxohLpFua4eg4dYwzZva', 'nmartschke1h@geocities.com', '3486967568', 1, 0, 'Mr'),
(55, 12, 'mhuc1i', 'Marlene', 'Huc', '$2b$10$lNs8PW2a8V9ZQP0mJKw9XeBDsSrImRs/ZSxohLpFua4eg4dYwzZva', 'mhuc1i@microsoft.com', '6338016622', 1, 0, 'Mr'),
(56, 12, 'sgrissett1j', 'Sunshine', 'Grissett', '$2b$10$lNs8PW2a8V9ZQP0mJKw9XeBDsSrImRs/ZSxohLpFua4eg4dYwzZva', 'sgrissett1j@scientificamerican.com', '2351522672', 1, 0, 'Mr'),
(57, 12, 'okeysall1k', 'Olympia', 'Keysall', '$2b$10$lNs8PW2a8V9ZQP0mJKw9XeBDsSrImRs/ZSxohLpFua4eg4dYwzZva', 'okeysall1k@netlog.com', '1614552533', 1, 0, 'Mr'),
(58, 8, 'ccarnduff1l', 'Cynde', 'Carnduff', '$2b$10$lNs8PW2a8V9ZQP0mJKw9XeBDsSrImRs/ZSxohLpFua4eg4dYwzZva', 'ccarnduff1l@squarespace.com', '2583823817', 1, 0, 'Mr'),
(59, 11, 'bleschelle1m', 'Blithe', 'Leschelle', '$2b$10$lNs8PW2a8V9ZQP0mJKw9XeBDsSrImRs/ZSxohLpFua4eg4dYwzZva', 'bleschelle1m@meetup.com', '1203599218', 1, 0, 'Mr'),
(60, 12, 'mmccreary1n', 'Morrie', 'McCreary', '$2b$10$lNs8PW2a8V9ZQP0mJKw9XeBDsSrImRs/ZSxohLpFua4eg4dYwzZva', 'mmccreary1n@fda.gov', '6877882873', 1, 0, 'Mr'),
(61, 9, 'nchitty1o', 'Nananne', 'Chitty', '$2b$10$lNs8PW2a8V9ZQP0mJKw9XeBDsSrImRs/ZSxohLpFua4eg4dYwzZva', 'nchitty1o@example.com', '3477499824', 1, 0, 'Mr'),
(62, 8, 'mdedomenici1p', 'Mayor', 'De Domenici', '$2b$10$lNs8PW2a8V9ZQP0mJKw9XeBDsSrImRs/ZSxohLpFua4eg4dYwzZva', 'mdedomenici1p@bing.com', '4832385615', 1, 0, 'Mr'),
(63, 12, 'idarcy1q', 'Ilyssa', 'd\'Arcy', '$2b$10$lNs8PW2a8V9ZQP0mJKw9XeBDsSrImRs/ZSxohLpFua4eg4dYwzZva', 'idarcy1q@indiegogo.com', '6867882935', 1, 0, 'Mr'),
(64, 11, 'mmcchruiter1r', 'Margaretha', 'McChruiter', '$2b$10$lNs8PW2a8V9ZQP0mJKw9XeBDsSrImRs/ZSxohLpFua4eg4dYwzZva', 'mmcchruiter1r@mit.edu', '2039253009', 1, 0, 'Mr'),
(65, 10, 'ckilsby1s', 'Christopher', 'Kilsby', '$2b$10$lNs8PW2a8V9ZQP0mJKw9XeBDsSrImRs/ZSxohLpFua4eg4dYwzZva', 'ckilsby1s@free.fr', '7161999197', 1, 0, 'Mr'),
(66, 8, 'ggadman1t', 'Gib', 'Gadman', '$2b$10$lNs8PW2a8V9ZQP0mJKw9XeBDsSrImRs/ZSxohLpFua4eg4dYwzZva', 'ggadman1t@mapy.cz', '1570142025', 1, 0, 'Mr'),
(67, 10, 'mtoma1u', 'Mariejeanne', 'Toma', '$2b$10$lNs8PW2a8V9ZQP0mJKw9XeBDsSrImRs/ZSxohLpFua4eg4dYwzZva', 'mtoma1u@jimdo.com', '3002937150', 1, 0, 'Mr'),
(68, 11, 'fbasinigazzi1v', 'Ferdinanda', 'Basini-Gazzi', '$2b$10$lNs8PW2a8V9ZQP0mJKw9XeBDsSrImRs/ZSxohLpFua4eg4dYwzZva', 'fbasinigazzi1v@state.gov', '7676938015', 1, 0, 'Mr'),
(69, 12, 'ckearsley1w', 'Cherish', 'Kearsley', '$2b$10$lNs8PW2a8V9ZQP0mJKw9XeBDsSrImRs/ZSxohLpFua4eg4dYwzZva', 'ckearsley1w@creativecommons.org', '4896179102', 1, 0, 'Mr'),
(70, 10, 'cdobbins1x', 'Calypso', 'Dobbins', '$2b$10$lNs8PW2a8V9ZQP0mJKw9XeBDsSrImRs/ZSxohLpFua4eg4dYwzZva', 'cdobbins1x@desdev.cn', '5721229810', 1, 0, 'Mr'),
(71, 11, 'sacome1y', 'Shalne', 'Acome', '$2b$10$lNs8PW2a8V9ZQP0mJKw9XeBDsSrImRs/ZSxohLpFua4eg4dYwzZva', 'sacome1y@printfriendly.com', '3952796638', 1, 0, 'Mr'),
(72, 11, 'toconnor1z', 'Theodosia', 'O\'Connor', '$2b$10$lNs8PW2a8V9ZQP0mJKw9XeBDsSrImRs/ZSxohLpFua4eg4dYwzZva', 'toconnor1z@ow.ly', '3886985970', 1, 0, 'Mr'),
(73, 8, 'ehalwood20', 'Emmalee', 'Halwood', '$2b$10$lNs8PW2a8V9ZQP0mJKw9XeBDsSrImRs/ZSxohLpFua4eg4dYwzZva', 'ehalwood20@geocities.com', '2900429889', 1, 0, 'Mr'),
(74, 12, 'kfolling21', 'Kalina', 'Folling', '$2b$10$lNs8PW2a8V9ZQP0mJKw9XeBDsSrImRs/ZSxohLpFua4eg4dYwzZva', 'kfolling21@booking.com', '1448036437', 1, 0, 'Mr'),
(75, 11, 'bmcrill22', 'Barrett', 'McRill', '$2b$10$lNs8PW2a8V9ZQP0mJKw9XeBDsSrImRs/ZSxohLpFua4eg4dYwzZva', 'bmcrill22@over-blog.com', '4283688460', 1, 0, 'Mr'),
(76, 9, 'jlodovichi23', 'Jeremy', 'Lodovichi', '$2b$10$lNs8PW2a8V9ZQP0mJKw9XeBDsSrImRs/ZSxohLpFua4eg4dYwzZva', 'jlodovichi23@bravesites.com', '1228426635', 1, 0, 'Mr'),
(77, 9, 'zballendine24', 'Zita', 'Ballendine', '$2b$10$lNs8PW2a8V9ZQP0mJKw9XeBDsSrImRs/ZSxohLpFua4eg4dYwzZva', 'zballendine24@istockphoto.com', '7106290955', 1, 0, 'Mr'),
(78, 8, 'ppomfrey25', 'Parrnell', 'Pomfrey', '$2b$10$lNs8PW2a8V9ZQP0mJKw9XeBDsSrImRs/ZSxohLpFua4eg4dYwzZva', 'ppomfrey25@businesswire.com', '8844013304', 1, 0, 'Mr'),
(79, 9, 'etrenear26', 'Elie', 'Trenear', '$2b$10$lNs8PW2a8V9ZQP0mJKw9XeBDsSrImRs/ZSxohLpFua4eg4dYwzZva', 'etrenear26@columbia.edu', '7906802446', 1, 0, 'Mr'),
(80, 8, 'calderwick27', 'Colleen', 'Alderwick', '$2b$10$lNs8PW2a8V9ZQP0mJKw9XeBDsSrImRs/ZSxohLpFua4eg4dYwzZva', 'calderwick27@dailymail.co.uk', '6652993872', 1, 0, 'Mr'),
(81, 9, 'imahedy28', 'Ingamar', 'Mahedy', '$2b$10$lNs8PW2a8V9ZQP0mJKw9XeBDsSrImRs/ZSxohLpFua4eg4dYwzZva', 'imahedy28@hao123.com', '1071250981', 1, 0, 'Mr'),
(82, 11, 'vprier29', 'Vanda', 'Prier', '$2b$10$lNs8PW2a8V9ZQP0mJKw9XeBDsSrImRs/ZSxohLpFua4eg4dYwzZva', 'vprier29@senate.gov', '1126180637', 1, 0, 'Mr'),
(83, 9, 'tmaudett2a', 'Tracie', 'Maudett', '$2b$10$lNs8PW2a8V9ZQP0mJKw9XeBDsSrImRs/ZSxohLpFua4eg4dYwzZva', 'tmaudett2a@ustream.tv', '8427869398', 1, 0, 'Mr'),
(84, 10, 'emorehall2b', 'Ewell', 'Morehall', '$2b$10$lNs8PW2a8V9ZQP0mJKw9XeBDsSrImRs/ZSxohLpFua4eg4dYwzZva', 'emorehall2b@guardian.co.uk', '4557513794', 1, 0, 'Mr'),
(85, 8, 'ematusovsky2c', 'Eulalie', 'Matusovsky', '$2b$10$lNs8PW2a8V9ZQP0mJKw9XeBDsSrImRs/ZSxohLpFua4eg4dYwzZva', 'ematusovsky2c@vistaprint.com', '5384613602', 1, 0, 'Mr'),
(86, 9, 'ggauntlett2d', 'Giorgi', 'Gauntlett', '$2b$10$lNs8PW2a8V9ZQP0mJKw9XeBDsSrImRs/ZSxohLpFua4eg4dYwzZva', 'ggauntlett2d@prnewswire.com', '9983683652', 1, 0, 'Mr'),
(87, 12, 'vpettwood2e', 'Verina', 'Pettwood', '$2b$10$lNs8PW2a8V9ZQP0mJKw9XeBDsSrImRs/ZSxohLpFua4eg4dYwzZva', 'vpettwood2e@yandex.ru', '9122256504', 1, 0, 'Mr'),
(88, 8, 'agheeraert2f', 'Arne', 'Gheeraert', '$2b$10$lNs8PW2a8V9ZQP0mJKw9XeBDsSrImRs/ZSxohLpFua4eg4dYwzZva', 'agheeraert2f@berkeley.edu', '6076312920', 1, 0, 'Mr'),
(89, 8, 'afleury2g', 'Aloin', 'Fleury', '$2b$10$lNs8PW2a8V9ZQP0mJKw9XeBDsSrImRs/ZSxohLpFua4eg4dYwzZva', 'afleury2g@cmu.edu', '3227849984', 1, 0, 'Mr'),
(90, 9, 'gcrennan2h', 'Gerome', 'Crennan', '$2b$10$lNs8PW2a8V9ZQP0mJKw9XeBDsSrImRs/ZSxohLpFua4eg4dYwzZva', 'gcrennan2h@google.co.jp', '3203981610', 1, 0, 'Mr'),
(91, 9, 'mesche2i', 'Mellisa', 'Esche', '$2b$10$lNs8PW2a8V9ZQP0mJKw9XeBDsSrImRs/ZSxohLpFua4eg4dYwzZva', 'mesche2i@blog.com', '0047192038', 1, 0, 'Mr'),
(92, 8, 'htweed2j', 'Herta', 'Tweed', '$2b$10$lNs8PW2a8V9ZQP0mJKw9XeBDsSrImRs/ZSxohLpFua4eg4dYwzZva', 'htweed2j@hexun.com', '9176617769', 1, 0, 'Mr'),
(93, 12, 'rraun2k', 'Ringo', 'Raun', '$2b$10$lNs8PW2a8V9ZQP0mJKw9XeBDsSrImRs/ZSxohLpFua4eg4dYwzZva', 'rraun2k@homestead.com', '7811263777', 1, 0, 'Mr'),
(94, 9, 'challwood2l', 'Collette', 'Hallwood', '$2b$10$lNs8PW2a8V9ZQP0mJKw9XeBDsSrImRs/ZSxohLpFua4eg4dYwzZva', 'challwood2l@state.gov', '4110427983', 1, 0, 'Mr'),
(95, 11, 'pgarred2m', 'Pen', 'Garred', '$2b$10$lNs8PW2a8V9ZQP0mJKw9XeBDsSrImRs/ZSxohLpFua4eg4dYwzZva', 'pgarred2m@myspace.com', '5105026837', 1, 0, 'Mr'),
(96, 10, 'hdodridge2n', 'Hilario', 'Dodridge', '$2b$10$lNs8PW2a8V9ZQP0mJKw9XeBDsSrImRs/ZSxohLpFua4eg4dYwzZva', 'hdodridge2n@techcrunch.com', '6088075015', 1, 0, 'Mr'),
(97, 10, 'bdingate2o', 'Binni', 'Dingate', '$2b$10$lNs8PW2a8V9ZQP0mJKw9XeBDsSrImRs/ZSxohLpFua4eg4dYwzZva', 'bdingate2o@t.co', '5210949583', 1, 0, 'Mr'),
(98, 11, 'ztwigg2p', 'Zared', 'Twigg', '$2b$10$lNs8PW2a8V9ZQP0mJKw9XeBDsSrImRs/ZSxohLpFua4eg4dYwzZva', 'ztwigg2p@angelfire.com', '8446050803', 1, 0, 'Mr'),
(99, 9, 'mfowkes2q', 'Maureen', 'Fowkes', '$2b$10$lNs8PW2a8V9ZQP0mJKw9XeBDsSrImRs/ZSxohLpFua4eg4dYwzZva', 'mfowkes2q@spiegel.de', '3673184644', 1, 0, 'Mr'),
(100, 8, 'manthes2r', 'Marys', 'Anthes', '$2b$10$lNs8PW2a8V9ZQP0mJKw9XeBDsSrImRs/ZSxohLpFua4eg4dYwzZva', 'manthes2r@cnet.com', '1732632995', 1, 0, 'Mr'),
(101, 12, 'hwillars2s', 'Hallsy', 'Willars', '$2b$10$lNs8PW2a8V9ZQP0mJKw9XeBDsSrImRs/ZSxohLpFua4eg4dYwzZva', 'hwillars2s@reverbnation.com', '0174629133', 1, 0, 'Mr'),
(102, 9, 'mwasteney2t', 'Maia', 'Wasteney', '$2b$10$lNs8PW2a8V9ZQP0mJKw9XeBDsSrImRs/ZSxohLpFua4eg4dYwzZva', 'mwasteney2t@artisteer.com', '1825760594', 1, 0, 'Mr'),
(103, 8, 'msnelle2u', 'Miquela', 'Snelle', '$2b$10$lNs8PW2a8V9ZQP0mJKw9XeBDsSrImRs/ZSxohLpFua4eg4dYwzZva', 'msnelle2u@geocities.jp', '5475896771', 1, 0, 'Mr'),
(104, 9, 'tbernaldo2v', 'Tabor', 'Bernaldo', '$2b$10$lNs8PW2a8V9ZQP0mJKw9XeBDsSrImRs/ZSxohLpFua4eg4dYwzZva', 'tbernaldo2v@google.pl', '3265524175', 1, 0, 'Mr'),
(105, 9, 'cbrolechan2w', 'Caleb', 'Brolechan', '$2b$10$lNs8PW2a8V9ZQP0mJKw9XeBDsSrImRs/ZSxohLpFua4eg4dYwzZva', 'cbrolechan2w@mtv.com', '5720773304', 1, 0, 'Mr'),
(106, 12, 'qarnaut2x', 'Quintin', 'Arnaut', '$2b$10$lNs8PW2a8V9ZQP0mJKw9XeBDsSrImRs/ZSxohLpFua4eg4dYwzZva', 'qarnaut2x@samsung.com', '7731104583', 1, 0, 'Mr'),
(107, 11, 'rabramowitz2y', 'Raddie', 'Abramowitz', '$2b$10$lNs8PW2a8V9ZQP0mJKw9XeBDsSrImRs/ZSxohLpFua4eg4dYwzZva', 'rabramowitz2y@ucoz.ru', '4152322985', 1, 0, 'Mr'),
(108, 11, 'jsimeoni2z', 'Jacquetta', 'Simeoni', '$2b$10$lNs8PW2a8V9ZQP0mJKw9XeBDsSrImRs/ZSxohLpFua4eg4dYwzZva', 'jsimeoni2z@umich.edu', '7390763663', 1, 0, 'Mr'),
(109, 10, 'rpautot30', 'Robbie', 'Pautot', '$2b$10$lNs8PW2a8V9ZQP0mJKw9XeBDsSrImRs/ZSxohLpFua4eg4dYwzZva', 'rpautot30@unc.edu', '4838449046', 1, 0, 'Mr'),
(110, 10, 'kpiddington31', 'Karisa', 'Piddington', '$2b$10$lNs8PW2a8V9ZQP0mJKw9XeBDsSrImRs/ZSxohLpFua4eg4dYwzZva', 'kpiddington31@chron.com', '4868116371', 1, 0, 'Mr'),
(111, 9, 'dsarfatti32', 'Dorie', 'Sarfatti', '$2b$10$lNs8PW2a8V9ZQP0mJKw9XeBDsSrImRs/ZSxohLpFua4eg4dYwzZva', 'dsarfatti32@surveymonkey.com', '5409450426', 1, 0, 'Mr'),
(112, 12, 'cfretter33', 'Courtney', 'Fretter', '$2b$10$lNs8PW2a8V9ZQP0mJKw9XeBDsSrImRs/ZSxohLpFua4eg4dYwzZva', 'cfretter33@trellian.com', '9992760311', 1, 0, 'Mr'),
(113, 10, 'aquaif34', 'Amalia', 'Quaif', '$2b$10$lNs8PW2a8V9ZQP0mJKw9XeBDsSrImRs/ZSxohLpFua4eg4dYwzZva', 'aquaif34@lycos.com', '9919807338', 1, 0, 'Mr'),
(114, 10, 'lbarhem35', 'Linette', 'Barhem', '$2b$10$lNs8PW2a8V9ZQP0mJKw9XeBDsSrImRs/ZSxohLpFua4eg4dYwzZva', 'lbarhem35@omniture.com', '9213010656', 1, 0, 'Mr'),
(115, 10, 'pcleminshaw36', 'Phoebe', 'Cleminshaw', '$2b$10$lNs8PW2a8V9ZQP0mJKw9XeBDsSrImRs/ZSxohLpFua4eg4dYwzZva', 'pcleminshaw36@zimbio.com', '9707267283', 1, 0, 'Mr'),
(116, 8, 'lcabral37', 'Leah', 'Cabral', '$2b$10$lNs8PW2a8V9ZQP0mJKw9XeBDsSrImRs/ZSxohLpFua4eg4dYwzZva', 'lcabral37@yellowbook.com', '8915684656', 1, 0, 'Mr'),
(117, 10, 'masp38', 'Matthiew', 'Asp', '$2b$10$lNs8PW2a8V9ZQP0mJKw9XeBDsSrImRs/ZSxohLpFua4eg4dYwzZva', 'masp38@google.ru', '8950082810', 1, 0, 'Mr'),
(118, 11, 'koultram39', 'Klarrisa', 'Oultram', '$2b$10$lNs8PW2a8V9ZQP0mJKw9XeBDsSrImRs/ZSxohLpFua4eg4dYwzZva', 'koultram39@statcounter.com', '4844724053', 1, 0, 'Mr'),
(119, 12, 'akleiner3a', 'Alastair', 'Kleiner', '$2b$10$lNs8PW2a8V9ZQP0mJKw9XeBDsSrImRs/ZSxohLpFua4eg4dYwzZva', 'akleiner3a@businesswire.com', '5046696584', 1, 0, 'Mr'),
(120, 11, 'rgert3b', 'Reinwald', 'Gert', '$2b$10$lNs8PW2a8V9ZQP0mJKw9XeBDsSrImRs/ZSxohLpFua4eg4dYwzZva', 'rgert3b@php.net', '4211864084', 1, 0, 'Mr'),
(121, 9, 'nbattson3c', 'Neda', 'Battson', '$2b$10$lNs8PW2a8V9ZQP0mJKw9XeBDsSrImRs/ZSxohLpFua4eg4dYwzZva', 'nbattson3c@thetimes.co.uk', '5743990603', 1, 0, 'Mr'),
(122, 10, 'sscarrott3d', 'Svend', 'Scarrott', '$2b$10$lNs8PW2a8V9ZQP0mJKw9XeBDsSrImRs/ZSxohLpFua4eg4dYwzZva', 'sscarrott3d@slideshare.net', '5249050166', 1, 0, 'Mr'),
(123, 11, 'aharteley3e', 'Annabal', 'Harteley', '$2b$10$lNs8PW2a8V9ZQP0mJKw9XeBDsSrImRs/ZSxohLpFua4eg4dYwzZva', 'aharteley3e@exblog.jp', '4705709136', 1, 0, 'Mr'),
(124, 10, 'castie3f', 'Camille', 'Astie', '$2b$10$lNs8PW2a8V9ZQP0mJKw9XeBDsSrImRs/ZSxohLpFua4eg4dYwzZva', 'castie3f@cdc.gov', '8809302109', 1, 0, 'Mr'),
(125, 8, 'jdeblasi3g', 'Justin', 'De Blasi', '$2b$10$lNs8PW2a8V9ZQP0mJKw9XeBDsSrImRs/ZSxohLpFua4eg4dYwzZva', 'jdeblasi3g@newyorker.com', '5005117636', 1, 0, 'Mr'),
(126, 12, 'psans3h', 'Parker', 'Sans', '$2b$10$lNs8PW2a8V9ZQP0mJKw9XeBDsSrImRs/ZSxohLpFua4eg4dYwzZva', 'psans3h@t.co', '5341993373', 1, 0, 'Mr'),
(127, 10, 'acornfoot3i', 'Alaster', 'Cornfoot', '$2b$10$lNs8PW2a8V9ZQP0mJKw9XeBDsSrImRs/ZSxohLpFua4eg4dYwzZva', 'acornfoot3i@feedburner.com', '5648554869', 1, 0, 'Mr'),
(128, 8, 'ecurry3j', 'Elvis', 'Curry', '$2b$10$lNs8PW2a8V9ZQP0mJKw9XeBDsSrImRs/ZSxohLpFua4eg4dYwzZva', 'ecurry3j@apple.com', '6045605578', 1, 0, 'Mr'),
(129, 11, 'lkondratenko3k', 'Lilla', 'Kondratenko', '$2b$10$lNs8PW2a8V9ZQP0mJKw9XeBDsSrImRs/ZSxohLpFua4eg4dYwzZva', 'lkondratenko3k@cdc.gov', '9154869854', 1, 0, 'Mr'),
(130, 11, 'sfollan3l', 'Shelby', 'Follan', '$2b$10$lNs8PW2a8V9ZQP0mJKw9XeBDsSrImRs/ZSxohLpFua4eg4dYwzZva', 'sfollan3l@trellian.com', '2119770875', 1, 0, 'Mr'),
(131, 10, 'dpally3m', 'Danie', 'Pally', '$2b$10$lNs8PW2a8V9ZQP0mJKw9XeBDsSrImRs/ZSxohLpFua4eg4dYwzZva', 'dpally3m@cbslocal.com', '5765790348', 1, 0, 'Mr'),
(132, 9, 'emeneo3n', 'Elora', 'Meneo', '$2b$10$lNs8PW2a8V9ZQP0mJKw9XeBDsSrImRs/ZSxohLpFua4eg4dYwzZva', 'emeneo3n@jimdo.com', '3806117381', 1, 0, 'Mr'),
(133, 12, 'jkohneke3o', 'Jackie', 'Kohneke', '$2b$10$lNs8PW2a8V9ZQP0mJKw9XeBDsSrImRs/ZSxohLpFua4eg4dYwzZva', 'jkohneke3o@rambler.ru', '8324630449', 1, 0, 'Mr'),
(134, 10, 'lavramchik3p', 'Lavena', 'Avramchik', '$2b$10$lNs8PW2a8V9ZQP0mJKw9XeBDsSrImRs/ZSxohLpFua4eg4dYwzZva', 'lavramchik3p@toplist.cz', '4525590440', 1, 0, 'Mr'),
(135, 10, 'ssexon3q', 'Sarita', 'Sexon', '$2b$10$lNs8PW2a8V9ZQP0mJKw9XeBDsSrImRs/ZSxohLpFua4eg4dYwzZva', 'ssexon3q@spotify.com', '1574862456', 1, 0, 'Mr'),
(136, 12, 'hkesper3r', 'Heidi', 'Kesper', '$2b$10$lNs8PW2a8V9ZQP0mJKw9XeBDsSrImRs/ZSxohLpFua4eg4dYwzZva', 'hkesper3r@sitemeter.com', '5087973841', 1, 0, 'Mr'),
(137, 11, 'cedgett3s', 'Carly', 'Edgett', '$2b$10$lNs8PW2a8V9ZQP0mJKw9XeBDsSrImRs/ZSxohLpFua4eg4dYwzZva', 'cedgett3s@ed.gov', '2256804976', 1, 0, 'Mr'),
(138, 11, 'pflament3t', 'Pammi', 'Flament', '$2b$10$lNs8PW2a8V9ZQP0mJKw9XeBDsSrImRs/ZSxohLpFua4eg4dYwzZva', 'pflament3t@mail.ru', '3958029248', 1, 0, 'Mr'),
(139, 12, 'dascraft3u', 'Darda', 'Ascraft', '$2b$10$lNs8PW2a8V9ZQP0mJKw9XeBDsSrImRs/ZSxohLpFua4eg4dYwzZva', 'dascraft3u@flavors.me', '9155733565', 1, 0, 'Mr'),
(140, 11, 'aburcombe3v', 'Andrea', 'Burcombe', '$2b$10$lNs8PW2a8V9ZQP0mJKw9XeBDsSrImRs/ZSxohLpFua4eg4dYwzZva', 'aburcombe3v@tripadvisor.com', '1590077032', 1, 0, 'Mr'),
(141, 11, 'iklampk3w', 'Isaiah', 'Klampk', '$2b$10$lNs8PW2a8V9ZQP0mJKw9XeBDsSrImRs/ZSxohLpFua4eg4dYwzZva', 'iklampk3w@exblog.jp', '9951567142', 1, 0, 'Mr'),
(142, 10, 'shoffman3x', 'Sinclair', 'Hoffman', '$2b$10$lNs8PW2a8V9ZQP0mJKw9XeBDsSrImRs/ZSxohLpFua4eg4dYwzZva', 'shoffman3x@usda.gov', '3827132606', 1, 0, 'Mr'),
(143, 9, 'kdelgardo3y', 'Kingsley', 'Delgardo', '$2b$10$lNs8PW2a8V9ZQP0mJKw9XeBDsSrImRs/ZSxohLpFua4eg4dYwzZva', 'kdelgardo3y@hibu.com', '5715982650', 1, 0, 'Mr'),
(144, 12, 'ojewkes3z', 'Onida', 'Jewkes', '$2b$10$lNs8PW2a8V9ZQP0mJKw9XeBDsSrImRs/ZSxohLpFua4eg4dYwzZva', 'ojewkes3z@seesaa.net', '8798630164', 1, 0, 'Mr'),
(145, 10, 'eshipman40', 'Even', 'Shipman', '$2b$10$lNs8PW2a8V9ZQP0mJKw9XeBDsSrImRs/ZSxohLpFua4eg4dYwzZva', 'eshipman40@mediafire.com', '8403866097', 1, 0, 'Mr'),
(146, 10, 'atytterton41', 'Aloin', 'Tytterton', '$2b$10$lNs8PW2a8V9ZQP0mJKw9XeBDsSrImRs/ZSxohLpFua4eg4dYwzZva', 'atytterton41@webeden.co.uk', '4283694770', 1, 0, 'Mr'),
(147, 9, 'dballach42', 'Dougy', 'Ballach', '$2b$10$lNs8PW2a8V9ZQP0mJKw9XeBDsSrImRs/ZSxohLpFua4eg4dYwzZva', 'dballach42@columbia.edu', '4498478894', 1, 0, 'Mr'),
(148, 8, 'rleversuch43', 'Rachele', 'Leversuch', '$2b$10$lNs8PW2a8V9ZQP0mJKw9XeBDsSrImRs/ZSxohLpFua4eg4dYwzZva', 'rleversuch43@php.net', '1319616194', 1, 0, 'Mr'),
(149, 9, 'wmottershead44', 'Wendi', 'Mottershead', '$2b$10$lNs8PW2a8V9ZQP0mJKw9XeBDsSrImRs/ZSxohLpFua4eg4dYwzZva', 'wmottershead44@intel.com', '2975254709', 1, 0, 'Mr'),
(150, 9, 'gtull45', 'Gordy', 'Tull', '$2b$10$lNs8PW2a8V9ZQP0mJKw9XeBDsSrImRs/ZSxohLpFua4eg4dYwzZva', 'gtull45@icq.com', '2131722192', 1, 0, 'Mr'),
(151, 9, 'avassman46', 'Ashli', 'Vassman', '$2b$10$lNs8PW2a8V9ZQP0mJKw9XeBDsSrImRs/ZSxohLpFua4eg4dYwzZva', 'avassman46@nydailynews.com', '3785328990', 1, 0, 'Mr'),
(152, 9, 'oatwill47', 'Ottilie', 'Atwill', '$2b$10$lNs8PW2a8V9ZQP0mJKw9XeBDsSrImRs/ZSxohLpFua4eg4dYwzZva', 'oatwill47@sogou.com', '0564772720', 1, 0, 'Mr'),
(153, 8, 'ipolini48', 'Ingar', 'Polini', '$2b$10$lNs8PW2a8V9ZQP0mJKw9XeBDsSrImRs/ZSxohLpFua4eg4dYwzZva', 'ipolini48@theglobeandmail.com', '1691774103', 1, 0, 'Mr'),
(154, 9, 'mappleby49', 'Morten', 'Appleby', '$2b$10$lNs8PW2a8V9ZQP0mJKw9XeBDsSrImRs/ZSxohLpFua4eg4dYwzZva', 'mappleby49@ted.com', '9852354930', 1, 0, 'Mr'),
(155, 10, 'pcruwys4a', 'Pam', 'Cruwys', '$2b$10$lNs8PW2a8V9ZQP0mJKw9XeBDsSrImRs/ZSxohLpFua4eg4dYwzZva', 'pcruwys4a@google.cn', '1193059305', 1, 0, 'Mr'),
(156, 10, 'aleavey4b', 'Ardella', 'Leavey', '$2b$10$lNs8PW2a8V9ZQP0mJKw9XeBDsSrImRs/ZSxohLpFua4eg4dYwzZva', 'aleavey4b@booking.com', '1978762372', 1, 0, 'Mr'),
(157, 10, 'amuscat4c', 'Amata', 'Muscat', '$2b$10$lNs8PW2a8V9ZQP0mJKw9XeBDsSrImRs/ZSxohLpFua4eg4dYwzZva', 'amuscat4c@cbsnews.com', '4318383504', 1, 0, 'Mr'),
(158, 10, 'kkarpinski4d', 'Kristy', 'Karpinski', '$2b$10$lNs8PW2a8V9ZQP0mJKw9XeBDsSrImRs/ZSxohLpFua4eg4dYwzZva', 'kkarpinski4d@tiny.cc', '2322253693', 1, 0, 'Mr'),
(159, 9, 'mwych4e', 'Malchy', 'Wych', '$2b$10$lNs8PW2a8V9ZQP0mJKw9XeBDsSrImRs/ZSxohLpFua4eg4dYwzZva', 'mwych4e@ning.com', '6860776943', 1, 0, 'Mr'),
(160, 10, 'gnund4f', 'Goober', 'Nund', '$2b$10$lNs8PW2a8V9ZQP0mJKw9XeBDsSrImRs/ZSxohLpFua4eg4dYwzZva', 'gnund4f@creativecommons.org', '6442466094', 1, 0, 'Mr'),
(161, 10, 'sfrenchum4g', 'Sheff', 'Frenchum', '$2b$10$lNs8PW2a8V9ZQP0mJKw9XeBDsSrImRs/ZSxohLpFua4eg4dYwzZva', 'sfrenchum4g@chicagotribune.com', '8609848965', 1, 0, 'Mr'),
(162, 8, 'wadnet4h', 'Winfred', 'Adnet', '$2b$10$lNs8PW2a8V9ZQP0mJKw9XeBDsSrImRs/ZSxohLpFua4eg4dYwzZva', 'wadnet4h@theguardian.com', '9358194987', 1, 0, 'Mr'),
(163, 10, 'bely4i', 'Brennan', 'Ely', '$2b$10$lNs8PW2a8V9ZQP0mJKw9XeBDsSrImRs/ZSxohLpFua4eg4dYwzZva', 'bely4i@infoseek.co.jp', '5526062554', 1, 0, 'Mr'),
(164, 11, 'gklossek4j', 'Guenna', 'Klossek', '$2b$10$lNs8PW2a8V9ZQP0mJKw9XeBDsSrImRs/ZSxohLpFua4eg4dYwzZva', 'gklossek4j@nytimes.com', '6877760026', 1, 0, 'Mr'),
(165, 8, 'abraidon4k', 'Adelind', 'Braidon', '$2b$10$lNs8PW2a8V9ZQP0mJKw9XeBDsSrImRs/ZSxohLpFua4eg4dYwzZva', 'abraidon4k@yandex.ru', '4094319174', 1, 0, 'Mr'),
(166, 8, 'sdrinkale4l', 'Salem', 'Drinkale', '$2b$10$lNs8PW2a8V9ZQP0mJKw9XeBDsSrImRs/ZSxohLpFua4eg4dYwzZva', 'sdrinkale4l@tuttocitta.it', '1459191242', 1, 0, 'Mr'),
(167, 11, 'uprettejohns4m', 'Upton', 'Prettejohns', '$2b$10$lNs8PW2a8V9ZQP0mJKw9XeBDsSrImRs/ZSxohLpFua4eg4dYwzZva', 'uprettejohns4m@ucla.edu', '6738334370', 1, 0, 'Mr'),
(168, 9, 'kslark4n', 'Kristi', 'Slark', '$2b$10$lNs8PW2a8V9ZQP0mJKw9XeBDsSrImRs/ZSxohLpFua4eg4dYwzZva', 'kslark4n@lycos.com', '5035129799', 1, 0, 'Mr'),
(169, 12, 'mbarosch4o', 'Marika', 'Barosch', '$2b$10$lNs8PW2a8V9ZQP0mJKw9XeBDsSrImRs/ZSxohLpFua4eg4dYwzZva', 'mbarosch4o@seesaa.net', '3301037798', 1, 0, 'Mr'),
(170, 9, 'nbridgeman4p', 'Neil', 'Bridgeman', '$2b$10$lNs8PW2a8V9ZQP0mJKw9XeBDsSrImRs/ZSxohLpFua4eg4dYwzZva', 'nbridgeman4p@bandcamp.com', '6131868980', 1, 0, 'Mr'),
(171, 9, 'cgunbie4q', 'Claiborne', 'Gunbie', '$2b$10$lNs8PW2a8V9ZQP0mJKw9XeBDsSrImRs/ZSxohLpFua4eg4dYwzZva', 'cgunbie4q@buzzfeed.com', '3370545519', 1, 0, 'Mr'),
(172, 9, 'againsburgh4r', 'Adelle', 'Gainsburgh', '$2b$10$lNs8PW2a8V9ZQP0mJKw9XeBDsSrImRs/ZSxohLpFua4eg4dYwzZva', 'againsburgh4r@typepad.com', '8575294237', 1, 0, 'Mr'),
(173, 8, 'drubbert4s', 'Dante', 'Rubbert', '$2b$10$lNs8PW2a8V9ZQP0mJKw9XeBDsSrImRs/ZSxohLpFua4eg4dYwzZva', 'drubbert4s@fastcompany.com', '2171582707', 1, 0, 'Mr'),
(174, 11, 'jdallender4t', 'Jens', 'Dallender', '$2b$10$lNs8PW2a8V9ZQP0mJKw9XeBDsSrImRs/ZSxohLpFua4eg4dYwzZva', 'jdallender4t@cargocollective.com', '8970937269', 1, 0, 'Mr'),
(175, 9, 'gubach4u', 'Gracie', 'Ubach', '$2b$10$lNs8PW2a8V9ZQP0mJKw9XeBDsSrImRs/ZSxohLpFua4eg4dYwzZva', 'gubach4u@mac.com', '8300549641', 1, 0, 'Mr'),
(176, 8, 'ccopestake4v', 'Celesta', 'Copestake', '$2b$10$lNs8PW2a8V9ZQP0mJKw9XeBDsSrImRs/ZSxohLpFua4eg4dYwzZva', 'ccopestake4v@de.vu', '9464388684', 1, 0, 'Mr'),
(177, 12, 'awillavoys4w', 'Arney', 'Willavoys', '$2b$10$lNs8PW2a8V9ZQP0mJKw9XeBDsSrImRs/ZSxohLpFua4eg4dYwzZva', 'awillavoys4w@acquirethisname.com', '9697377421', 1, 0, 'Mr'),
(178, 8, 'jbrandt4x', 'Justus', 'Brandt', '$2b$10$lNs8PW2a8V9ZQP0mJKw9XeBDsSrImRs/ZSxohLpFua4eg4dYwzZva', 'jbrandt4x@creativecommons.org', '8731957153', 1, 0, 'Mr'),
(179, 8, 'rmcdermot4y', 'Rourke', 'McDermot', '$2b$10$lNs8PW2a8V9ZQP0mJKw9XeBDsSrImRs/ZSxohLpFua4eg4dYwzZva', 'rmcdermot4y@istockphoto.com', '8592836042', 1, 0, 'Mr'),
(180, 8, 'aemslie4z', 'Analise', 'Emslie', '$2b$10$lNs8PW2a8V9ZQP0mJKw9XeBDsSrImRs/ZSxohLpFua4eg4dYwzZva', 'aemslie4z@va.gov', '5739868157', 1, 0, 'Mr'),
(181, 11, 'zruane50', 'Zachary', 'Ruane', '$2b$10$lNs8PW2a8V9ZQP0mJKw9XeBDsSrImRs/ZSxohLpFua4eg4dYwzZva', 'zruane50@time.com', '0232219133', 1, 0, 'Mr'),
(182, 9, 'bcasement51', 'Bastien', 'Casement', '$2b$10$lNs8PW2a8V9ZQP0mJKw9XeBDsSrImRs/ZSxohLpFua4eg4dYwzZva', 'bcasement51@yellowpages.com', '0746714882', 1, 0, 'Mr'),
(183, 10, 'lhalfacree52', 'Lind', 'Halfacree', '$2b$10$lNs8PW2a8V9ZQP0mJKw9XeBDsSrImRs/ZSxohLpFua4eg4dYwzZva', 'lhalfacree52@instagram.com', '7207577281', 1, 0, 'Mr'),
(184, 9, 'gyanukhin53', 'Gordon', 'Yanukhin', '$2b$10$lNs8PW2a8V9ZQP0mJKw9XeBDsSrImRs/ZSxohLpFua4eg4dYwzZva', 'gyanukhin53@livejournal.com', '5691698389', 1, 0, 'Mr'),
(185, 10, 'moduilleain54', 'Mel', 'O\'Duilleain', '$2b$10$lNs8PW2a8V9ZQP0mJKw9XeBDsSrImRs/ZSxohLpFua4eg4dYwzZva', 'moduilleain54@ihg.com', '0409235857', 1, 0, 'Mr'),
(186, 9, 'scuming55', 'Sloan', 'Cuming', '$2b$10$lNs8PW2a8V9ZQP0mJKw9XeBDsSrImRs/ZSxohLpFua4eg4dYwzZva', 'scuming55@ycombinator.com', '7482179844', 1, 0, 'Mr'),
(187, 9, 'eroycroft56', 'Emiline', 'Roycroft', '$2b$10$lNs8PW2a8V9ZQP0mJKw9XeBDsSrImRs/ZSxohLpFua4eg4dYwzZva', 'eroycroft56@fda.gov', '3565311479', 1, 0, 'Mr'),
(188, 12, 'bcrimmins57', 'Briggs', 'Crimmins', '$2b$10$lNs8PW2a8V9ZQP0mJKw9XeBDsSrImRs/ZSxohLpFua4eg4dYwzZva', 'bcrimmins57@cdbaby.com', '7476563662', 1, 0, 'Mr'),
(189, 9, 'dbradfield58', 'Dorie', 'Bradfield', '$2b$10$lNs8PW2a8V9ZQP0mJKw9XeBDsSrImRs/ZSxohLpFua4eg4dYwzZva', 'dbradfield58@un.org', '8216013477', 1, 0, 'Mr'),
(190, 10, 'rlagne59', 'Ronica', 'Lagne', '$2b$10$lNs8PW2a8V9ZQP0mJKw9XeBDsSrImRs/ZSxohLpFua4eg4dYwzZva', 'rlagne59@istockphoto.com', '4686613396', 1, 0, 'Mr'),
(191, 9, 'cciobutaro5a', 'Cull', 'Ciobutaro', '$2b$10$lNs8PW2a8V9ZQP0mJKw9XeBDsSrImRs/ZSxohLpFua4eg4dYwzZva', 'cciobutaro5a@squidoo.com', '4722072345', 1, 0, 'Mr'),
(192, 11, 'rspiers5b', 'Regine', 'Spiers', '$2b$10$lNs8PW2a8V9ZQP0mJKw9XeBDsSrImRs/ZSxohLpFua4eg4dYwzZva', 'rspiers5b@tinypic.com', '1491402881', 1, 0, 'Mr'),
(193, 11, 'rmiddlemass5c', 'Rana', 'Middlemass', '$2b$10$lNs8PW2a8V9ZQP0mJKw9XeBDsSrImRs/ZSxohLpFua4eg4dYwzZva', 'rmiddlemass5c@mapquest.com', '7536520735', 1, 0, 'Mr'),
(194, 9, 'cfiddy5d', 'Carry', 'Fiddy', '$2b$10$lNs8PW2a8V9ZQP0mJKw9XeBDsSrImRs/ZSxohLpFua4eg4dYwzZva', 'cfiddy5d@pagesperso-orange.fr', '2274715424', 1, 0, 'Mr'),
(195, 8, 'eevered5e', 'Eyde', 'Evered', '$2b$10$lNs8PW2a8V9ZQP0mJKw9XeBDsSrImRs/ZSxohLpFua4eg4dYwzZva', 'eevered5e@booking.com', '4698038162', 1, 0, 'Mr'),
(196, 12, 'atrobe5f', 'Adlai', 'Trobe', '$2b$10$lNs8PW2a8V9ZQP0mJKw9XeBDsSrImRs/ZSxohLpFua4eg4dYwzZva', 'atrobe5f@php.net', '9446433169', 1, 0, 'Mr'),
(197, 8, 'dfiddiman5g', 'Daisi', 'Fiddiman', '$2b$10$lNs8PW2a8V9ZQP0mJKw9XeBDsSrImRs/ZSxohLpFua4eg4dYwzZva', 'dfiddiman5g@mac.com', '9036410576', 1, 0, 'Mr'),
(198, 11, 'nitzcovichch5h', 'North', 'Itzcovichch', '$2b$10$lNs8PW2a8V9ZQP0mJKw9XeBDsSrImRs/ZSxohLpFua4eg4dYwzZva', 'nitzcovichch5h@cyberchimps.com', '1256768413', 1, 0, 'Mr'),
(199, 8, 'amaclucais5i', 'Avrom', 'MacLucais', '$2b$10$lNs8PW2a8V9ZQP0mJKw9XeBDsSrImRs/ZSxohLpFua4eg4dYwzZva', 'amaclucais5i@imageshack.us', '8768783434', 1, 0, 'Mr'),
(200, 12, 'cmathers5j', 'Christos', 'Mathers', '$2b$10$lNs8PW2a8V9ZQP0mJKw9XeBDsSrImRs/ZSxohLpFua4eg4dYwzZva', 'cmathers5j@list-manage.com', '5021925830', 1, 0, 'Mr'),
(201, 9, 'jblakeston5k', 'Jean', 'Blakeston', '$2b$10$lNs8PW2a8V9ZQP0mJKw9XeBDsSrImRs/ZSxohLpFua4eg4dYwzZva', 'jblakeston5k@spotify.com', '2133820450', 1, 0, 'Mr'),
(202, 9, 'opodd5l', 'Olive', 'Podd', '$2b$10$lNs8PW2a8V9ZQP0mJKw9XeBDsSrImRs/ZSxohLpFua4eg4dYwzZva', 'opodd5l@liveinternet.ru', '6315551238', 1, 0, 'Mr'),
(203, 10, 'bloveland5m', 'Bobina', 'Loveland', '$2b$10$lNs8PW2a8V9ZQP0mJKw9XeBDsSrImRs/ZSxohLpFua4eg4dYwzZva', 'bloveland5m@taobao.com', '2985237793', 1, 0, 'Mr'),
(204, 12, 'rmacgillivrie5n', 'Reggie', 'MacGillivrie', '$2b$10$lNs8PW2a8V9ZQP0mJKw9XeBDsSrImRs/ZSxohLpFua4eg4dYwzZva', 'rmacgillivrie5n@noaa.gov', '2868093663', 1, 0, 'Mr'),
(205, 12, 'afinicj5o', 'Alexandrina', 'Finicj', '$2b$10$lNs8PW2a8V9ZQP0mJKw9XeBDsSrImRs/ZSxohLpFua4eg4dYwzZva', 'afinicj5o@furl.net', '2911525191', 1, 0, 'Mr'),
(206, 10, 'dmoylan5p', 'Diana', 'Moylan', '$2b$10$lNs8PW2a8V9ZQP0mJKw9XeBDsSrImRs/ZSxohLpFua4eg4dYwzZva', 'dmoylan5p@columbia.edu', '8871776135', 1, 0, 'Mr'),
(207, 9, 'gstennes5q', 'Gilles', 'Stennes', '$2b$10$lNs8PW2a8V9ZQP0mJKw9XeBDsSrImRs/ZSxohLpFua4eg4dYwzZva', 'gstennes5q@amazon.co.jp', '5350795678', 1, 0, 'Mr'),
(208, 9, 'esiflet5r', 'Emlyn', 'Siflet', '$2b$10$lNs8PW2a8V9ZQP0mJKw9XeBDsSrImRs/ZSxohLpFua4eg4dYwzZva', 'esiflet5r@com.com', '1337988421', 1, 0, 'Mr'),
(209, 9, 'rthebeau5s', 'Randie', 'Thebeau', '$2b$10$lNs8PW2a8V9ZQP0mJKw9XeBDsSrImRs/ZSxohLpFua4eg4dYwzZva', 'rthebeau5s@blogtalkradio.com', '1510355502', 1, 0, 'Mr'),
(210, 9, 'kbalaam5t', 'Katherine', 'Balaam', '$2b$10$lNs8PW2a8V9ZQP0mJKw9XeBDsSrImRs/ZSxohLpFua4eg4dYwzZva', 'kbalaam5t@ocn.ne.jp', '9379558163', 1, 0, 'Mr'),
(211, 12, 'ewoodyeare5u', 'Emeline', 'Woodyeare', '$2b$10$lNs8PW2a8V9ZQP0mJKw9XeBDsSrImRs/ZSxohLpFua4eg4dYwzZva', 'ewoodyeare5u@time.com', '6124318431', 1, 0, 'Mr'),
(212, 8, 'rfitchen5v', 'Rianon', 'Fitchen', '$2b$10$lNs8PW2a8V9ZQP0mJKw9XeBDsSrImRs/ZSxohLpFua4eg4dYwzZva', 'rfitchen5v@artisteer.com', '3385861535', 1, 0, 'Mr'),
(213, 12, 'nwingatt5w', 'Ninnetta', 'Wingatt', '$2b$10$lNs8PW2a8V9ZQP0mJKw9XeBDsSrImRs/ZSxohLpFua4eg4dYwzZva', 'nwingatt5w@sakura.ne.jp', '0159713153', 1, 0, 'Mr'),
(214, 10, 'hmeneux5x', 'Haleigh', 'Meneux', '$2b$10$lNs8PW2a8V9ZQP0mJKw9XeBDsSrImRs/ZSxohLpFua4eg4dYwzZva', 'hmeneux5x@elpais.com', '1770035060', 1, 0, 'Mr'),
(215, 8, 'ddeighan5y', 'Delilah', 'Deighan', '$2b$10$lNs8PW2a8V9ZQP0mJKw9XeBDsSrImRs/ZSxohLpFua4eg4dYwzZva', 'ddeighan5y@latimes.com', '6753896414', 1, 0, 'Mr'),
(216, 9, 'ypurver5z', 'Yorgo', 'Purver', '$2b$10$lNs8PW2a8V9ZQP0mJKw9XeBDsSrImRs/ZSxohLpFua4eg4dYwzZva', 'ypurver5z@springer.com', '2713303370', 1, 0, 'Mr'),
(217, 8, 'bgorger60', 'Buckie', 'Gorger', '$2b$10$lNs8PW2a8V9ZQP0mJKw9XeBDsSrImRs/ZSxohLpFua4eg4dYwzZva', 'bgorger60@wikimedia.org', '9827551639', 1, 0, 'Mr'),
(218, 9, 'prosenbaum61', 'Philis', 'Rosenbaum', '$2b$10$lNs8PW2a8V9ZQP0mJKw9XeBDsSrImRs/ZSxohLpFua4eg4dYwzZva', 'prosenbaum61@usgs.gov', '1585494704', 1, 0, 'Mr'),
(219, 11, 'twortman62', 'Tobi', 'Wortman', '$2b$10$lNs8PW2a8V9ZQP0mJKw9XeBDsSrImRs/ZSxohLpFua4eg4dYwzZva', 'twortman62@jugem.jp', '4043808917', 1, 0, 'Mr'),
(220, 8, 'msherlock63', 'Marsiella', 'Sherlock', '$2b$10$lNs8PW2a8V9ZQP0mJKw9XeBDsSrImRs/ZSxohLpFua4eg4dYwzZva', 'msherlock63@hp.com', '1153333457', 1, 0, 'Mr'),
(221, 11, 'bboot64', 'Biddie', 'Boot', '$2b$10$lNs8PW2a8V9ZQP0mJKw9XeBDsSrImRs/ZSxohLpFua4eg4dYwzZva', 'bboot64@taobao.com', '2171604727', 1, 0, 'Mr'),
(222, 11, 'gmacek65', 'Gibby', 'Macek', '$2b$10$lNs8PW2a8V9ZQP0mJKw9XeBDsSrImRs/ZSxohLpFua4eg4dYwzZva', 'gmacek65@miitbeian.gov.cn', '1075728061', 1, 0, 'Mr'),
(223, 8, 'apresman66', 'Adelice', 'Presman', '$2b$10$lNs8PW2a8V9ZQP0mJKw9XeBDsSrImRs/ZSxohLpFua4eg4dYwzZva', 'apresman66@cbslocal.com', '7010298742', 1, 0, 'Mr'),
(224, 9, 'astaning67', 'Ainsley', 'Staning', '$2b$10$lNs8PW2a8V9ZQP0mJKw9XeBDsSrImRs/ZSxohLpFua4eg4dYwzZva', 'astaning67@etsy.com', '1013543343', 1, 0, 'Mr'),
(225, 10, 'rbaurerich68', 'Ricky', 'Baurerich', '$2b$10$lNs8PW2a8V9ZQP0mJKw9XeBDsSrImRs/ZSxohLpFua4eg4dYwzZva', 'rbaurerich68@opensource.org', '0112167683', 1, 0, 'Mr'),
(226, 11, 'ewyche69', 'Erv', 'Wyche', '$2b$10$lNs8PW2a8V9ZQP0mJKw9XeBDsSrImRs/ZSxohLpFua4eg4dYwzZva', 'ewyche69@google.ru', '1907000828', 1, 0, 'Mr'),
(227, 12, 'iboyne6a', 'Isacco', 'Boyne', '$2b$10$lNs8PW2a8V9ZQP0mJKw9XeBDsSrImRs/ZSxohLpFua4eg4dYwzZva', 'iboyne6a@redcross.org', '6560283321', 1, 0, 'Mr'),
(228, 9, 'kyurocjhin6b', 'Kiley', 'Yurocjhin', '$2b$10$lNs8PW2a8V9ZQP0mJKw9XeBDsSrImRs/ZSxohLpFua4eg4dYwzZva', 'kyurocjhin6b@hao123.com', '8864892184', 1, 0, 'Mr'),
(229, 9, 'lmatysiak6c', 'Lindsay', 'Matysiak', '$2b$10$lNs8PW2a8V9ZQP0mJKw9XeBDsSrImRs/ZSxohLpFua4eg4dYwzZva', 'lmatysiak6c@discuz.net', '4810233901', 1, 0, 'Mr'),
(230, 11, 'btomes6d', 'Barney', 'Tomes', '$2b$10$lNs8PW2a8V9ZQP0mJKw9XeBDsSrImRs/ZSxohLpFua4eg4dYwzZva', 'btomes6d@whitehouse.gov', '3712305303', 1, 0, 'Mr'),
(231, 8, 'tguinness6e', 'Tadeo', 'Guinness', '$2b$10$lNs8PW2a8V9ZQP0mJKw9XeBDsSrImRs/ZSxohLpFua4eg4dYwzZva', 'tguinness6e@wordpress.com', '8723514698', 1, 0, 'Mr'),
(232, 12, 'qchrisp6f', 'Querida', 'Chrisp', '$2b$10$lNs8PW2a8V9ZQP0mJKw9XeBDsSrImRs/ZSxohLpFua4eg4dYwzZva', 'qchrisp6f@blogspot.com', '1671495497', 1, 0, 'Mr'),
(233, 9, 'thinckesman6g', 'Tobey', 'Hinckesman', '$2b$10$lNs8PW2a8V9ZQP0mJKw9XeBDsSrImRs/ZSxohLpFua4eg4dYwzZva', 'thinckesman6g@hibu.com', '2266067362', 1, 0, 'Mr'),
(234, 8, 'mduckhouse6h', 'Mikel', 'Duckhouse', '$2b$10$lNs8PW2a8V9ZQP0mJKw9XeBDsSrImRs/ZSxohLpFua4eg4dYwzZva', 'mduckhouse6h@bbc.co.uk', '4681360368', 1, 0, 'Mr'),
(235, 10, 'rwidger6i', 'Rutger', 'Widger', '$2b$10$lNs8PW2a8V9ZQP0mJKw9XeBDsSrImRs/ZSxohLpFua4eg4dYwzZva', 'rwidger6i@si.edu', '4966413079', 1, 0, 'Mr'),
(236, 12, 'blanston6j', 'Barbabas', 'Lanston', '$2b$10$lNs8PW2a8V9ZQP0mJKw9XeBDsSrImRs/ZSxohLpFua4eg4dYwzZva', 'blanston6j@nydailynews.com', '2185893769', 1, 0, 'Mr'),
(237, 10, 'iiveagh6k', 'Ibbie', 'Iveagh', '$2b$10$lNs8PW2a8V9ZQP0mJKw9XeBDsSrImRs/ZSxohLpFua4eg4dYwzZva', 'iiveagh6k@lycos.com', '0634345842', 1, 0, 'Mr'),
(238, 11, 'bodaly6l', 'Bing', 'O\'Daly', '$2b$10$lNs8PW2a8V9ZQP0mJKw9XeBDsSrImRs/ZSxohLpFua4eg4dYwzZva', 'bodaly6l@chronoengine.com', '6972605628', 1, 0, 'Mr'),
(239, 12, 'bmccarlich6m', 'Bastian', 'McCarlich', '$2b$10$lNs8PW2a8V9ZQP0mJKw9XeBDsSrImRs/ZSxohLpFua4eg4dYwzZva', 'bmccarlich6m@hud.gov', '5099732453', 1, 0, 'Mr'),
(240, 9, 'fkennaway6n', 'Fifine', 'Kennaway', '$2b$10$lNs8PW2a8V9ZQP0mJKw9XeBDsSrImRs/ZSxohLpFua4eg4dYwzZva', 'fkennaway6n@techcrunch.com', '3981301692', 1, 0, 'Mr'),
(241, 11, 'bslevin6o', 'Barnabe', 'Slevin', '$2b$10$lNs8PW2a8V9ZQP0mJKw9XeBDsSrImRs/ZSxohLpFua4eg4dYwzZva', 'bslevin6o@reddit.com', '8145829739', 1, 0, 'Mr'),
(242, 11, 'mketch6p', 'Mirabelle', 'Ketch', '$2b$10$lNs8PW2a8V9ZQP0mJKw9XeBDsSrImRs/ZSxohLpFua4eg4dYwzZva', 'mketch6p@diigo.com', '7499743047', 1, 0, 'Mr'),
(243, 11, 'jheight6q', 'Jess', 'Height', '$2b$10$lNs8PW2a8V9ZQP0mJKw9XeBDsSrImRs/ZSxohLpFua4eg4dYwzZva', 'jheight6q@vimeo.com', '7812290050', 1, 0, 'Mr'),
(244, 11, 'kmartyns6r', 'Kassandra', 'Martyns', '$2b$10$lNs8PW2a8V9ZQP0mJKw9XeBDsSrImRs/ZSxohLpFua4eg4dYwzZva', 'kmartyns6r@instagram.com', '8985318659', 1, 0, 'Mr'),
(245, 12, 'lcokely6s', 'Lloyd', 'Cokely', '$2b$10$lNs8PW2a8V9ZQP0mJKw9XeBDsSrImRs/ZSxohLpFua4eg4dYwzZva', 'lcokely6s@fc2.com', '6780976989', 1, 0, 'Mr'),
(246, 11, 'hturone6t', 'Hallie', 'Turone', '$2b$10$lNs8PW2a8V9ZQP0mJKw9XeBDsSrImRs/ZSxohLpFua4eg4dYwzZva', 'hturone6t@prnewswire.com', '1626781907', 1, 0, 'Mr'),
(247, 10, 'rscotchmer6u', 'Rasla', 'Scotchmer', '$2b$10$lNs8PW2a8V9ZQP0mJKw9XeBDsSrImRs/ZSxohLpFua4eg4dYwzZva', 'rscotchmer6u@1und1.de', '4515138499', 1, 0, 'Mr'),
(248, 10, 'nmacilhagga6v', 'Noach', 'MacIlhagga', '$2b$10$lNs8PW2a8V9ZQP0mJKw9XeBDsSrImRs/ZSxohLpFua4eg4dYwzZva', 'nmacilhagga6v@blogtalkradio.com', '1525911724', 1, 0, 'Mr'),
(249, 11, 'vschoroder6w', 'Valentino', 'Schoroder', '$2b$10$lNs8PW2a8V9ZQP0mJKw9XeBDsSrImRs/ZSxohLpFua4eg4dYwzZva', 'vschoroder6w@dailymail.co.uk', '0298386410', 1, 0, 'Mr'),
(250, 9, 'acunradi6x', 'Adrianne', 'Cunradi', '$2b$10$lNs8PW2a8V9ZQP0mJKw9XeBDsSrImRs/ZSxohLpFua4eg4dYwzZva', 'acunradi6x@businesswire.com', '3103776365', 1, 0, 'Mr'),
(251, 8, 'bwinters6y', 'Brittney', 'Winters', '$2b$10$lNs8PW2a8V9ZQP0mJKw9XeBDsSrImRs/ZSxohLpFua4eg4dYwzZva', 'bwinters6y@icio.us', '2374153584', 1, 0, 'Mr'),
(252, 12, 'eloble6z', 'Erena', 'Loble', '$2b$10$lNs8PW2a8V9ZQP0mJKw9XeBDsSrImRs/ZSxohLpFua4eg4dYwzZva', 'eloble6z@wisc.edu', '3445044163', 1, 0, 'Mr'),
(253, 10, 'jdunleavy70', 'Judie', 'Dunleavy', '$2b$10$lNs8PW2a8V9ZQP0mJKw9XeBDsSrImRs/ZSxohLpFua4eg4dYwzZva', 'jdunleavy70@geocities.jp', '6097772521', 1, 0, 'Mr'),
(254, 12, 'zfeehily71', 'Zebulon', 'Feehily', '$2b$10$lNs8PW2a8V9ZQP0mJKw9XeBDsSrImRs/ZSxohLpFua4eg4dYwzZva', 'zfeehily71@craigslist.org', '7966812723', 1, 0, 'Mr'),
(255, 12, 'hcordobes72', 'Hollyanne', 'Cordobes', '$2b$10$lNs8PW2a8V9ZQP0mJKw9XeBDsSrImRs/ZSxohLpFua4eg4dYwzZva', 'hcordobes72@apache.org', '5702729595', 1, 0, 'Mr'),
(256, 8, 'cdenniston73', 'Ciel', 'Denniston', '$2b$10$lNs8PW2a8V9ZQP0mJKw9XeBDsSrImRs/ZSxohLpFua4eg4dYwzZva', 'cdenniston73@wp.com', '3829128509', 1, 0, 'Mr'),
(257, 12, 'bhyman74', 'Brok', 'Hyman', '$2b$10$lNs8PW2a8V9ZQP0mJKw9XeBDsSrImRs/ZSxohLpFua4eg4dYwzZva', 'bhyman74@linkedin.com', '9076952205', 1, 0, 'Mr'),
(258, 9, 'pfladgate75', 'Padriac', 'Fladgate', '$2b$10$lNs8PW2a8V9ZQP0mJKw9XeBDsSrImRs/ZSxohLpFua4eg4dYwzZva', 'pfladgate75@cnet.com', '9057096412', 1, 0, 'Mr'),
(259, 10, 'kduthie76', 'Katheryn', 'Duthie', '$2b$10$lNs8PW2a8V9ZQP0mJKw9XeBDsSrImRs/ZSxohLpFua4eg4dYwzZva', 'kduthie76@angelfire.com', '3339440441', 1, 0, 'Mr'),
(260, 8, 'cparslow77', 'Constantina', 'Parslow', '$2b$10$lNs8PW2a8V9ZQP0mJKw9XeBDsSrImRs/ZSxohLpFua4eg4dYwzZva', 'cparslow77@noaa.gov', '6828591313', 1, 0, 'Mr'),
(261, 11, 'lnaptine78', 'Lara', 'Naptine', '$2b$10$lNs8PW2a8V9ZQP0mJKw9XeBDsSrImRs/ZSxohLpFua4eg4dYwzZva', 'lnaptine78@umich.edu', '2405676281', 1, 0, 'Mr'),
(262, 12, 'lrieflin79', 'Lorenza', 'Rieflin', '$2b$10$lNs8PW2a8V9ZQP0mJKw9XeBDsSrImRs/ZSxohLpFua4eg4dYwzZva', 'lrieflin79@stumbleupon.com', '6721349035', 1, 0, 'Mr'),
(263, 12, 'alademann7a', 'Anni', 'Lademann', '$2b$10$lNs8PW2a8V9ZQP0mJKw9XeBDsSrImRs/ZSxohLpFua4eg4dYwzZva', 'alademann7a@myspace.com', '9928032211', 1, 0, 'Mr'),
(264, 8, 'efoucher7b', 'Etta', 'Foucher', '$2b$10$lNs8PW2a8V9ZQP0mJKw9XeBDsSrImRs/ZSxohLpFua4eg4dYwzZva', 'efoucher7b@cyberchimps.com', '0690201869', 1, 0, 'Mr'),
(265, 8, 'ahurleston7c', 'Aksel', 'Hurleston', '$2b$10$lNs8PW2a8V9ZQP0mJKw9XeBDsSrImRs/ZSxohLpFua4eg4dYwzZva', 'ahurleston7c@boston.com', '3457774668', 1, 0, 'Mr'),
(266, 10, 'nbrecknall7d', 'Nona', 'Brecknall', '$2b$10$lNs8PW2a8V9ZQP0mJKw9XeBDsSrImRs/ZSxohLpFua4eg4dYwzZva', 'nbrecknall7d@naver.com', '3930833689', 1, 0, 'Mr'),
(267, 12, 'hcushion7e', 'Henriette', 'Cushion', '$2b$10$lNs8PW2a8V9ZQP0mJKw9XeBDsSrImRs/ZSxohLpFua4eg4dYwzZva', 'hcushion7e@linkedin.com', '2080767755', 1, 0, 'Mr'),
(268, 9, 'cworham7f', 'Carl', 'Worham', '$2b$10$lNs8PW2a8V9ZQP0mJKw9XeBDsSrImRs/ZSxohLpFua4eg4dYwzZva', 'cworham7f@utexas.edu', '8921454322', 1, 0, 'Mr'),
(269, 8, 'jleborgne7g', 'Jeromy', 'Le Borgne', '$2b$10$lNs8PW2a8V9ZQP0mJKw9XeBDsSrImRs/ZSxohLpFua4eg4dYwzZva', 'jleborgne7g@issuu.com', '1096720027', 1, 0, 'Mr'),
(270, 10, 'ireasun7h', 'Ivory', 'Reasun', '$2b$10$lNs8PW2a8V9ZQP0mJKw9XeBDsSrImRs/ZSxohLpFua4eg4dYwzZva', 'ireasun7h@usgs.gov', '3493466757', 1, 0, 'Mr'),
(271, 8, 'yrope7i', 'Yorke', 'Rope', '$2b$10$lNs8PW2a8V9ZQP0mJKw9XeBDsSrImRs/ZSxohLpFua4eg4dYwzZva', 'yrope7i@shinystat.com', '9365041473', 1, 0, 'Mr'),
(272, 9, 'obossons7j', 'Odelle', 'Bossons', '$2b$10$lNs8PW2a8V9ZQP0mJKw9XeBDsSrImRs/ZSxohLpFua4eg4dYwzZva', 'obossons7j@wikipedia.org', '3088366912', 1, 0, 'Mr'),
(273, 10, 'kkilgrove7k', 'Kassie', 'Kilgrove', '$2b$10$lNs8PW2a8V9ZQP0mJKw9XeBDsSrImRs/ZSxohLpFua4eg4dYwzZva', 'kkilgrove7k@about.me', '3660714569', 1, 0, 'Mr'),
(274, 9, 'kgreenaway7l', 'Kelsy', 'Greenaway', '$2b$10$lNs8PW2a8V9ZQP0mJKw9XeBDsSrImRs/ZSxohLpFua4eg4dYwzZva', 'kgreenaway7l@acquirethisname.com', '0983591709', 1, 0, 'Mr'),
(275, 10, 'fpolley7m', 'Freddi', 'Polley', '$2b$10$lNs8PW2a8V9ZQP0mJKw9XeBDsSrImRs/ZSxohLpFua4eg4dYwzZva', 'fpolley7m@weebly.com', '4541928175', 1, 0, 'Mr'),
(276, 11, 'arouge7n', 'Aime', 'Rouge', '$2b$10$lNs8PW2a8V9ZQP0mJKw9XeBDsSrImRs/ZSxohLpFua4eg4dYwzZva', 'arouge7n@sourceforge.net', '4812192692', 1, 0, 'Mr'),
(277, 12, 'vrosenfield7o', 'Vicki', 'Rosenfield', '$2b$10$lNs8PW2a8V9ZQP0mJKw9XeBDsSrImRs/ZSxohLpFua4eg4dYwzZva', 'vrosenfield7o@miitbeian.gov.cn', '7750787690', 1, 0, 'Mr'),
(278, 8, 'ndigiacomo7p', 'Nerita', 'Di Giacomo', '$2b$10$lNs8PW2a8V9ZQP0mJKw9XeBDsSrImRs/ZSxohLpFua4eg4dYwzZva', 'ndigiacomo7p@shutterfly.com', '5447371945', 1, 0, 'Mr'),
(279, 8, 'epope7q', 'Emmie', 'Pope', '$2b$10$lNs8PW2a8V9ZQP0mJKw9XeBDsSrImRs/ZSxohLpFua4eg4dYwzZva', 'epope7q@indiegogo.com', '3010122411', 1, 0, 'Mr'),
(280, 8, 'olaugheran7r', 'Oriana', 'Laugheran', '$2b$10$lNs8PW2a8V9ZQP0mJKw9XeBDsSrImRs/ZSxohLpFua4eg4dYwzZva', 'olaugheran7r@zimbio.com', '5843676838', 1, 0, 'Mr'),
(281, 12, 'dabbatt7s', 'Dorolisa', 'Abbatt', '$2b$10$lNs8PW2a8V9ZQP0mJKw9XeBDsSrImRs/ZSxohLpFua4eg4dYwzZva', 'dabbatt7s@blinklist.com', '1538588536', 1, 0, 'Mr'),
(282, 10, 'cfaircliff7t', 'Claresta', 'Faircliff', '$2b$10$lNs8PW2a8V9ZQP0mJKw9XeBDsSrImRs/ZSxohLpFua4eg4dYwzZva', 'cfaircliff7t@elpais.com', '7486351765', 1, 0, 'Mr'),
(283, 11, 'jperview7u', 'Julio', 'Perview', '$2b$10$lNs8PW2a8V9ZQP0mJKw9XeBDsSrImRs/ZSxohLpFua4eg4dYwzZva', 'jperview7u@tumblr.com', '1780827776', 1, 0, 'Mr'),
(284, 8, 'kchooter7v', 'Kym', 'Chooter', '$2b$10$lNs8PW2a8V9ZQP0mJKw9XeBDsSrImRs/ZSxohLpFua4eg4dYwzZva', 'kchooter7v@marriott.com', '4727111136', 1, 0, 'Mr'),
(285, 9, 'dferrino7w', 'Danette', 'Ferrino', '$2b$10$lNs8PW2a8V9ZQP0mJKw9XeBDsSrImRs/ZSxohLpFua4eg4dYwzZva', 'dferrino7w@slate.com', '5476069291', 1, 0, 'Mr'),
(286, 9, 'icowmeadow7x', 'Issy', 'Cowmeadow', '$2b$10$lNs8PW2a8V9ZQP0mJKw9XeBDsSrImRs/ZSxohLpFua4eg4dYwzZva', 'icowmeadow7x@ox.ac.uk', '7218579299', 1, 0, 'Mr'),
(287, 11, 'eginnaly7y', 'Ellis', 'Ginnaly', '$2b$10$lNs8PW2a8V9ZQP0mJKw9XeBDsSrImRs/ZSxohLpFua4eg4dYwzZva', 'eginnaly7y@geocities.jp', '9115895068', 1, 0, 'Mr'),
(288, 11, 'anelissen7z', 'Amaleta', 'Nelissen', '$2b$10$lNs8PW2a8V9ZQP0mJKw9XeBDsSrImRs/ZSxohLpFua4eg4dYwzZva', 'anelissen7z@webmd.com', '5364972720', 1, 0, 'Mr'),
(289, 9, 'bsammes80', 'Bartolomeo', 'Sammes', '$2b$10$lNs8PW2a8V9ZQP0mJKw9XeBDsSrImRs/ZSxohLpFua4eg4dYwzZva', 'bsammes80@ibm.com', '0418137641', 1, 0, 'Mr'),
(290, 12, 'mmcconachie81', 'Maire', 'McConachie', '$2b$10$lNs8PW2a8V9ZQP0mJKw9XeBDsSrImRs/ZSxohLpFua4eg4dYwzZva', 'mmcconachie81@networksolutions.com', '3992392945', 1, 0, 'Mr'),
(291, 10, 'lpilipyak82', 'Loydie', 'Pilipyak', '$2b$10$lNs8PW2a8V9ZQP0mJKw9XeBDsSrImRs/ZSxohLpFua4eg4dYwzZva', 'lpilipyak82@seesaa.net', '0637703111', 1, 0, 'Mr'),
(292, 10, 'wcomford83', 'Wayne', 'Comford', '$2b$10$lNs8PW2a8V9ZQP0mJKw9XeBDsSrImRs/ZSxohLpFua4eg4dYwzZva', 'wcomford83@cdbaby.com', '9453563358', 1, 0, 'Mr'),
(293, 11, 'cclutton84', 'Cassi', 'Clutton', '$2b$10$lNs8PW2a8V9ZQP0mJKw9XeBDsSrImRs/ZSxohLpFua4eg4dYwzZva', 'cclutton84@house.gov', '0271614226', 1, 0, 'Mr'),
(294, 10, 'edorber85', 'Emalia', 'Dorber', '$2b$10$lNs8PW2a8V9ZQP0mJKw9XeBDsSrImRs/ZSxohLpFua4eg4dYwzZva', 'edorber85@dell.com', '7235080922', 1, 0, 'Mr'),
(295, 12, 'mborthram86', 'Marthe', 'Borthram', '$2b$10$lNs8PW2a8V9ZQP0mJKw9XeBDsSrImRs/ZSxohLpFua4eg4dYwzZva', 'mborthram86@dailymotion.com', '0606443932', 1, 0, 'Mr'),
(296, 12, 'mcolyer87', 'Marcile', 'Colyer', '$2b$10$lNs8PW2a8V9ZQP0mJKw9XeBDsSrImRs/ZSxohLpFua4eg4dYwzZva', 'mcolyer87@amazon.co.jp', '0778391442', 1, 0, 'Mr'),
(297, 12, 'cleefe88', 'Clayborne', 'Leefe', '$2b$10$lNs8PW2a8V9ZQP0mJKw9XeBDsSrImRs/ZSxohLpFua4eg4dYwzZva', 'cleefe88@businessinsider.com', '6125539822', 1, 0, 'Mr'),
(298, 12, 'rgiacomucci89', 'Roscoe', 'Giacomucci', '$2b$10$lNs8PW2a8V9ZQP0mJKw9XeBDsSrImRs/ZSxohLpFua4eg4dYwzZva', 'rgiacomucci89@liveinternet.ru', '4399248033', 1, 0, 'Mr'),
(299, 10, 'jjosovitz8a', 'Joby', 'Josovitz', '$2b$10$lNs8PW2a8V9ZQP0mJKw9XeBDsSrImRs/ZSxohLpFua4eg4dYwzZva', 'jjosovitz8a@istockphoto.com', '6526849687', 1, 0, 'Mr'),
(300, 11, 'tweippert8b', 'Tana', 'Weippert', '$2b$10$lNs8PW2a8V9ZQP0mJKw9XeBDsSrImRs/ZSxohLpFua4eg4dYwzZva', 'tweippert8b@storify.com', '4102248684', 1, 0, 'Mr'),
(301, 8, 'awestnage8c', 'Aylmer', 'Westnage', '$2b$10$lNs8PW2a8V9ZQP0mJKw9XeBDsSrImRs/ZSxohLpFua4eg4dYwzZva', 'awestnage8c@sakura.ne.jp', '2662525606', 1, 0, 'Mr'),
(302, 8, 'rhoopper8d', 'Rollo', 'Hoopper', '$2b$10$lNs8PW2a8V9ZQP0mJKw9XeBDsSrImRs/ZSxohLpFua4eg4dYwzZva', 'rhoopper8d@ftc.gov', '7159109724', 1, 0, 'Mr'),
(303, 8, 'nradbourn8e', 'Nora', 'Radbourn', '$2b$10$lNs8PW2a8V9ZQP0mJKw9XeBDsSrImRs/ZSxohLpFua4eg4dYwzZva', 'nradbourn8e@netlog.com', '6539837291', 1, 0, 'Mr'),
(304, 10, 'agreatrex8f', 'Adelbert', 'Greatrex', '$2b$10$lNs8PW2a8V9ZQP0mJKw9XeBDsSrImRs/ZSxohLpFua4eg4dYwzZva', 'agreatrex8f@shop-pro.jp', '5392303145', 1, 0, 'Mr'),
(305, 11, 'nsunnucks8g', 'Natassia', 'Sunnucks', '$2b$10$lNs8PW2a8V9ZQP0mJKw9XeBDsSrImRs/ZSxohLpFua4eg4dYwzZva', 'nsunnucks8g@netlog.com', '9221899276', 1, 0, 'Mr'),
(306, 11, 'smccard8h', 'Svend', 'McCard', '$2b$10$lNs8PW2a8V9ZQP0mJKw9XeBDsSrImRs/ZSxohLpFua4eg4dYwzZva', 'smccard8h@senate.gov', '8301347023', 1, 0, 'Mr'),
(307, 10, 'tjestico8i', 'Tibold', 'Jestico', '$2b$10$lNs8PW2a8V9ZQP0mJKw9XeBDsSrImRs/ZSxohLpFua4eg4dYwzZva', 'tjestico8i@loc.gov', '2708072730', 1, 0, 'Mr'),
(308, 12, 'hdorian8j', 'Hamel', 'Dorian', '$2b$10$lNs8PW2a8V9ZQP0mJKw9XeBDsSrImRs/ZSxohLpFua4eg4dYwzZva', 'hdorian8j@accuweather.com', '1394903448', 1, 0, 'Mr'),
(309, 12, 'tdashwood8k', 'Teddy', 'Dashwood', '$2b$10$lNs8PW2a8V9ZQP0mJKw9XeBDsSrImRs/ZSxohLpFua4eg4dYwzZva', 'tdashwood8k@washingtonpost.com', '1100115277', 1, 0, 'Mr'),
(310, 11, 'clilburne8l', 'Cookie', 'Lilburne', '$2b$10$lNs8PW2a8V9ZQP0mJKw9XeBDsSrImRs/ZSxohLpFua4eg4dYwzZva', 'clilburne8l@blogtalkradio.com', '1230923187', 1, 0, 'Mr'),
(311, 8, 'ssey8m', 'Sam', 'Sey', '$2b$10$lNs8PW2a8V9ZQP0mJKw9XeBDsSrImRs/ZSxohLpFua4eg4dYwzZva', 'ssey8m@is.gd', '3790286818', 1, 0, 'Mr'),
(312, 10, 'ncovet8n', 'Normie', 'Covet', '$2b$10$lNs8PW2a8V9ZQP0mJKw9XeBDsSrImRs/ZSxohLpFua4eg4dYwzZva', 'ncovet8n@jugem.jp', '1580733360', 1, 0, 'Mr');
INSERT INTO `student` (`id`, `grade_id`, `username`, `name`, `surname`, `password`, `email`, `id_number`, `active`, `rank`, `title`) VALUES
(313, 10, 'mhawkey8o', 'Malena', 'Hawkey', '$2b$10$lNs8PW2a8V9ZQP0mJKw9XeBDsSrImRs/ZSxohLpFua4eg4dYwzZva', 'mhawkey8o@addthis.com', '6935616530', 1, 0, 'Mr'),
(314, 11, 'fdopson8p', 'Freddy', 'Dopson', '$2b$10$lNs8PW2a8V9ZQP0mJKw9XeBDsSrImRs/ZSxohLpFua4eg4dYwzZva', 'fdopson8p@spiegel.de', '0176471871', 1, 0, 'Mr'),
(315, 11, 'svedishchev8q', 'Shaine', 'Vedishchev', '$2b$10$lNs8PW2a8V9ZQP0mJKw9XeBDsSrImRs/ZSxohLpFua4eg4dYwzZva', 'svedishchev8q@dell.com', '1853702935', 1, 0, 'Mr'),
(316, 8, 'jdeuss8r', 'Jasmin', 'Deuss', '$2b$10$lNs8PW2a8V9ZQP0mJKw9XeBDsSrImRs/ZSxohLpFua4eg4dYwzZva', 'jdeuss8r@howstuffworks.com', '5656024970', 1, 0, 'Mr'),
(317, 12, 'rpavinese8s', 'Raleigh', 'Pavinese', '$2b$10$lNs8PW2a8V9ZQP0mJKw9XeBDsSrImRs/ZSxohLpFua4eg4dYwzZva', 'rpavinese8s@samsung.com', '3727793643', 1, 0, 'Mr'),
(318, 10, 'agodson8t', 'Annie', 'Godson', '$2b$10$lNs8PW2a8V9ZQP0mJKw9XeBDsSrImRs/ZSxohLpFua4eg4dYwzZva', 'agodson8t@geocities.com', '8523281975', 1, 0, 'Mr'),
(319, 12, 'mskey8u', 'Meggie', 'Skey', '$2b$10$lNs8PW2a8V9ZQP0mJKw9XeBDsSrImRs/ZSxohLpFua4eg4dYwzZva', 'mskey8u@apache.org', '0457953136', 1, 0, 'Mr'),
(320, 10, 'ptrimmell8v', 'Perri', 'Trimmell', '$2b$10$lNs8PW2a8V9ZQP0mJKw9XeBDsSrImRs/ZSxohLpFua4eg4dYwzZva', 'ptrimmell8v@sbwire.com', '4463091691', 1, 0, 'Mr'),
(321, 9, 'osimmill8w', 'Orella', 'Simmill', '$2b$10$lNs8PW2a8V9ZQP0mJKw9XeBDsSrImRs/ZSxohLpFua4eg4dYwzZva', 'osimmill8w@youtu.be', '6823426993', 1, 0, 'Mr'),
(322, 12, 'ljocic8x', 'Lou', 'Jocic', '$2b$10$lNs8PW2a8V9ZQP0mJKw9XeBDsSrImRs/ZSxohLpFua4eg4dYwzZva', 'ljocic8x@360.cn', '7033540000', 1, 0, 'Mr'),
(323, 11, 'ceuels8y', 'Cthrine', 'Euels', '$2b$10$lNs8PW2a8V9ZQP0mJKw9XeBDsSrImRs/ZSxohLpFua4eg4dYwzZva', 'ceuels8y@apple.com', '3430250919', 1, 0, 'Mr'),
(324, 8, 'isibbson8z', 'Idaline', 'Sibbson', '$2b$10$lNs8PW2a8V9ZQP0mJKw9XeBDsSrImRs/ZSxohLpFua4eg4dYwzZva', 'isibbson8z@sitemeter.com', '3541937831', 1, 0, 'Mr'),
(325, 8, 'bworledge90', 'Beverie', 'Worledge', '$2b$10$lNs8PW2a8V9ZQP0mJKw9XeBDsSrImRs/ZSxohLpFua4eg4dYwzZva', 'bworledge90@pen.io', '5654224476', 1, 0, 'Mr'),
(326, 12, 'abrentnall91', 'Amie', 'Brentnall', '$2b$10$lNs8PW2a8V9ZQP0mJKw9XeBDsSrImRs/ZSxohLpFua4eg4dYwzZva', 'abrentnall91@nps.gov', '3838049705', 1, 0, 'Mr'),
(327, 11, 'cbladge92', 'Corney', 'Bladge', '$2b$10$lNs8PW2a8V9ZQP0mJKw9XeBDsSrImRs/ZSxohLpFua4eg4dYwzZva', 'cbladge92@sciencedaily.com', '2980962791', 1, 0, 'Mr'),
(328, 11, 'dsouthwood93', 'Dehlia', 'Southwood', '$2b$10$lNs8PW2a8V9ZQP0mJKw9XeBDsSrImRs/ZSxohLpFua4eg4dYwzZva', 'dsouthwood93@sun.com', '3552237623', 1, 0, 'Mr'),
(329, 11, 'shouston94', 'Sabina', 'Houston', '$2b$10$lNs8PW2a8V9ZQP0mJKw9XeBDsSrImRs/ZSxohLpFua4eg4dYwzZva', 'shouston94@wiley.com', '2209250005', 1, 0, 'Mr'),
(330, 12, 'jroncelli95', 'Jessalin', 'Roncelli', '$2b$10$lNs8PW2a8V9ZQP0mJKw9XeBDsSrImRs/ZSxohLpFua4eg4dYwzZva', 'jroncelli95@twitpic.com', '9593635114', 1, 0, 'Mr'),
(331, 10, 'ldodswell96', 'Lisha', 'Dodswell', '$2b$10$lNs8PW2a8V9ZQP0mJKw9XeBDsSrImRs/ZSxohLpFua4eg4dYwzZva', 'ldodswell96@hhs.gov', '7961690263', 1, 0, 'Mr'),
(332, 10, 'hdoggrell97', 'Henrik', 'Doggrell', '$2b$10$lNs8PW2a8V9ZQP0mJKw9XeBDsSrImRs/ZSxohLpFua4eg4dYwzZva', 'hdoggrell97@tumblr.com', '0786398124', 1, 0, 'Mr'),
(333, 8, 'agrimster98', 'Ailene', 'Grimster', '$2b$10$lNs8PW2a8V9ZQP0mJKw9XeBDsSrImRs/ZSxohLpFua4eg4dYwzZva', 'agrimster98@reference.com', '9275770379', 1, 0, 'Mr'),
(334, 8, 'stomisch99', 'Silvio', 'Tomisch', '$2b$10$lNs8PW2a8V9ZQP0mJKw9XeBDsSrImRs/ZSxohLpFua4eg4dYwzZva', 'stomisch99@skype.com', '5754173792', 1, 0, 'Mr'),
(335, 10, 'sparmer9a', 'Steffi', 'Parmer', '$2b$10$lNs8PW2a8V9ZQP0mJKw9XeBDsSrImRs/ZSxohLpFua4eg4dYwzZva', 'sparmer9a@nifty.com', '7760205988', 1, 0, 'Mr'),
(336, 11, 'hcharon9b', 'Husein', 'Charon', '$2b$10$lNs8PW2a8V9ZQP0mJKw9XeBDsSrImRs/ZSxohLpFua4eg4dYwzZva', 'hcharon9b@sun.com', '5515673700', 1, 0, 'Mr'),
(337, 12, 'kgiampietro9c', 'Kerry', 'Giampietro', '$2b$10$lNs8PW2a8V9ZQP0mJKw9XeBDsSrImRs/ZSxohLpFua4eg4dYwzZva', 'kgiampietro9c@zdnet.com', '0491781032', 1, 0, 'Mr'),
(338, 8, 'bheinschke9d', 'Barnaby', 'Heinschke', '$2b$10$lNs8PW2a8V9ZQP0mJKw9XeBDsSrImRs/ZSxohLpFua4eg4dYwzZva', 'bheinschke9d@taobao.com', '7808270040', 1, 0, 'Mr'),
(339, 10, 'bpurdie9e', 'Benedetta', 'Purdie', '$2b$10$lNs8PW2a8V9ZQP0mJKw9XeBDsSrImRs/ZSxohLpFua4eg4dYwzZva', 'bpurdie9e@sogou.com', '5584542962', 1, 0, 'Mr'),
(340, 10, 'bmerrydew9f', 'Brewster', 'Merrydew', '$2b$10$lNs8PW2a8V9ZQP0mJKw9XeBDsSrImRs/ZSxohLpFua4eg4dYwzZva', 'bmerrydew9f@goo.ne.jp', '5894755131', 1, 0, 'Mr'),
(341, 9, 'csafhill9g', 'Christina', 'Safhill', '$2b$10$lNs8PW2a8V9ZQP0mJKw9XeBDsSrImRs/ZSxohLpFua4eg4dYwzZva', 'csafhill9g@w3.org', '1938533712', 1, 0, 'Mr'),
(342, 10, 'ltutchings9h', 'Lorette', 'Tutchings', '$2b$10$lNs8PW2a8V9ZQP0mJKw9XeBDsSrImRs/ZSxohLpFua4eg4dYwzZva', 'ltutchings9h@npr.org', '7843901701', 1, 0, 'Mr'),
(343, 12, 'sdowling9i', 'Shep', 'Dowling', '$2b$10$lNs8PW2a8V9ZQP0mJKw9XeBDsSrImRs/ZSxohLpFua4eg4dYwzZva', 'sdowling9i@ovh.net', '0754280535', 1, 0, 'Mr'),
(344, 11, 'astrond9j', 'Amby', 'Strond', '$2b$10$lNs8PW2a8V9ZQP0mJKw9XeBDsSrImRs/ZSxohLpFua4eg4dYwzZva', 'astrond9j@domainmarket.com', '1274520053', 1, 0, 'Mr'),
(345, 10, 'lmewton9k', 'Lydie', 'Mewton', '$2b$10$lNs8PW2a8V9ZQP0mJKw9XeBDsSrImRs/ZSxohLpFua4eg4dYwzZva', 'lmewton9k@google.fr', '4827923183', 1, 0, 'Mr'),
(346, 10, 'ktyzack9l', 'Katha', 'Tyzack', '$2b$10$lNs8PW2a8V9ZQP0mJKw9XeBDsSrImRs/ZSxohLpFua4eg4dYwzZva', 'ktyzack9l@friendfeed.com', '3714053638', 1, 0, 'Mr'),
(347, 12, 'hbroseke9m', 'Hugibert', 'Broseke', '$2b$10$lNs8PW2a8V9ZQP0mJKw9XeBDsSrImRs/ZSxohLpFua4eg4dYwzZva', 'hbroseke9m@wisc.edu', '1338296779', 1, 0, 'Mr'),
(348, 8, 'bglassman9n', 'Bing', 'Glassman', '$2b$10$lNs8PW2a8V9ZQP0mJKw9XeBDsSrImRs/ZSxohLpFua4eg4dYwzZva', 'bglassman9n@reuters.com', '6909339800', 1, 0, 'Mr'),
(349, 8, 'eworrell9o', 'Enrique', 'Worrell', '$2b$10$lNs8PW2a8V9ZQP0mJKw9XeBDsSrImRs/ZSxohLpFua4eg4dYwzZva', 'eworrell9o@dedecms.com', '0683961799', 1, 0, 'Mr'),
(350, 8, 'hcardinal9p', 'Hilarius', 'Cardinal', '$2b$10$lNs8PW2a8V9ZQP0mJKw9XeBDsSrImRs/ZSxohLpFua4eg4dYwzZva', 'hcardinal9p@bravesites.com', '4697084756', 1, 0, 'Mr'),
(351, 9, 'acollopy9q', 'Avivah', 'Collopy', '$2b$10$lNs8PW2a8V9ZQP0mJKw9XeBDsSrImRs/ZSxohLpFua4eg4dYwzZva', 'acollopy9q@odnoklassniki.ru', '6253202618', 1, 0, 'Mr'),
(352, 10, 'aahrendsen9r', 'Alon', 'Ahrendsen', '$2b$10$lNs8PW2a8V9ZQP0mJKw9XeBDsSrImRs/ZSxohLpFua4eg4dYwzZva', 'aahrendsen9r@furl.net', '9038005830', 1, 0, 'Mr'),
(353, 12, 'wbolingbroke9s', 'Wanids', 'Bolingbroke', '$2b$10$lNs8PW2a8V9ZQP0mJKw9XeBDsSrImRs/ZSxohLpFua4eg4dYwzZva', 'wbolingbroke9s@yellowbook.com', '8844051389', 1, 0, 'Mr'),
(354, 12, 'bbrombell9t', 'Bartolomeo', 'Brombell', '$2b$10$lNs8PW2a8V9ZQP0mJKw9XeBDsSrImRs/ZSxohLpFua4eg4dYwzZva', 'bbrombell9t@phoca.cz', '3444218230', 1, 0, 'Mr'),
(355, 8, 'rgutowski9u', 'Robin', 'Gutowski', '$2b$10$lNs8PW2a8V9ZQP0mJKw9XeBDsSrImRs/ZSxohLpFua4eg4dYwzZva', 'rgutowski9u@dell.com', '1591930774', 1, 0, 'Mr'),
(356, 9, 'tsibbet9v', 'Thaine', 'Sibbet', '$2b$10$lNs8PW2a8V9ZQP0mJKw9XeBDsSrImRs/ZSxohLpFua4eg4dYwzZva', 'tsibbet9v@independent.co.uk', '1065086946', 1, 0, 'Mr'),
(357, 11, 'medelman9w', 'Melania', 'Edelman', '$2b$10$lNs8PW2a8V9ZQP0mJKw9XeBDsSrImRs/ZSxohLpFua4eg4dYwzZva', 'medelman9w@dmoz.org', '2766437002', 1, 0, 'Mr'),
(358, 10, 'amelsom9x', 'Aube', 'Melsom', '$2b$10$lNs8PW2a8V9ZQP0mJKw9XeBDsSrImRs/ZSxohLpFua4eg4dYwzZva', 'amelsom9x@dot.gov', '2163699692', 1, 0, 'Mr'),
(359, 8, 'hslessar9y', 'Harrietta', 'Slessar', '$2b$10$lNs8PW2a8V9ZQP0mJKw9XeBDsSrImRs/ZSxohLpFua4eg4dYwzZva', 'hslessar9y@psu.edu', '2941297472', 1, 0, 'Mr'),
(360, 8, 'aspary9z', 'Anne-corinne', 'Spary', '$2b$10$lNs8PW2a8V9ZQP0mJKw9XeBDsSrImRs/ZSxohLpFua4eg4dYwzZva', 'aspary9z@nymag.com', '7214653737', 1, 0, 'Mr'),
(361, 11, 'kosharrya0', 'Kareem', 'O\'Sharry', '$2b$10$lNs8PW2a8V9ZQP0mJKw9XeBDsSrImRs/ZSxohLpFua4eg4dYwzZva', 'kosharrya0@amazon.co.uk', '3207289940', 1, 0, 'Mr'),
(362, 8, 'rgullyesa1', 'Ricki', 'Gullyes', '$2b$10$lNs8PW2a8V9ZQP0mJKw9XeBDsSrImRs/ZSxohLpFua4eg4dYwzZva', 'rgullyesa1@tmall.com', '6754202696', 1, 0, 'Mr'),
(363, 8, 'woscolleea2', 'Windham', 'O\'Scollee', '$2b$10$lNs8PW2a8V9ZQP0mJKw9XeBDsSrImRs/ZSxohLpFua4eg4dYwzZva', 'woscolleea2@taobao.com', '8758103996', 1, 0, 'Mr'),
(364, 12, 'vdargana3', 'Vern', 'Dargan', '$2b$10$lNs8PW2a8V9ZQP0mJKw9XeBDsSrImRs/ZSxohLpFua4eg4dYwzZva', 'vdargana3@earthlink.net', '1670882187', 1, 0, 'Mr'),
(365, 9, 'cbeacoma4', 'Clemmy', 'Beacom', '$2b$10$lNs8PW2a8V9ZQP0mJKw9XeBDsSrImRs/ZSxohLpFua4eg4dYwzZva', 'cbeacoma4@4shared.com', '5039420307', 1, 0, 'Mr'),
(366, 11, 'hdenninga5', 'Henri', 'Denning', '$2b$10$lNs8PW2a8V9ZQP0mJKw9XeBDsSrImRs/ZSxohLpFua4eg4dYwzZva', 'hdenninga5@pen.io', '3301513778', 1, 0, 'Mr'),
(367, 8, 'qbroadhursta6', 'Quincy', 'Broadhurst', '$2b$10$lNs8PW2a8V9ZQP0mJKw9XeBDsSrImRs/ZSxohLpFua4eg4dYwzZva', 'qbroadhursta6@taobao.com', '1450614272', 1, 0, 'Mr'),
(368, 8, 'jfanthoma7', 'Janaye', 'Fanthom', '$2b$10$lNs8PW2a8V9ZQP0mJKw9XeBDsSrImRs/ZSxohLpFua4eg4dYwzZva', 'jfanthoma7@discuz.net', '3640852966', 1, 0, 'Mr'),
(369, 12, 'acavya8', 'Alexei', 'Cavy', '$2b$10$lNs8PW2a8V9ZQP0mJKw9XeBDsSrImRs/ZSxohLpFua4eg4dYwzZva', 'acavya8@vkontakte.ru', '3525797893', 1, 0, 'Mr'),
(370, 12, 'cloverocka9', 'Cynthea', 'Loverock', '$2b$10$lNs8PW2a8V9ZQP0mJKw9XeBDsSrImRs/ZSxohLpFua4eg4dYwzZva', 'cloverocka9@hp.com', '7967130995', 1, 0, 'Mr'),
(371, 8, 'rletchaa', 'Riki', 'Letch', '$2b$10$lNs8PW2a8V9ZQP0mJKw9XeBDsSrImRs/ZSxohLpFua4eg4dYwzZva', 'rletchaa@123-reg.co.uk', '9048822645', 1, 0, 'Mr'),
(372, 11, 'ddawbyab', 'Dorotea', 'Dawby', '$2b$10$lNs8PW2a8V9ZQP0mJKw9XeBDsSrImRs/ZSxohLpFua4eg4dYwzZva', 'ddawbyab@japanpost.jp', '9946148196', 1, 0, 'Mr'),
(373, 12, 'bsuggeac', 'Boony', 'Sugge', '$2b$10$lNs8PW2a8V9ZQP0mJKw9XeBDsSrImRs/ZSxohLpFua4eg4dYwzZva', 'bsuggeac@sfgate.com', '3810056057', 1, 0, 'Mr'),
(374, 9, 'gduddellad', 'Gaile', 'Duddell', '$2b$10$lNs8PW2a8V9ZQP0mJKw9XeBDsSrImRs/ZSxohLpFua4eg4dYwzZva', 'gduddellad@sciencedaily.com', '9988601727', 1, 0, 'Mr'),
(375, 11, 'nhebdenae', 'Nicko', 'Hebden', '$2b$10$lNs8PW2a8V9ZQP0mJKw9XeBDsSrImRs/ZSxohLpFua4eg4dYwzZva', 'nhebdenae@npr.org', '9338844242', 1, 0, 'Mr'),
(376, 10, 'mbascombaf', 'Mayne', 'Bascomb', '$2b$10$lNs8PW2a8V9ZQP0mJKw9XeBDsSrImRs/ZSxohLpFua4eg4dYwzZva', 'mbascombaf@netscape.com', '0960309179', 1, 0, 'Mr'),
(377, 11, 'cbendixag', 'Claude', 'Bendix', '$2b$10$lNs8PW2a8V9ZQP0mJKw9XeBDsSrImRs/ZSxohLpFua4eg4dYwzZva', 'cbendixag@marriott.com', '0898215137', 1, 0, 'Mr'),
(378, 8, 'jembertonah', 'Joella', 'Emberton', '$2b$10$lNs8PW2a8V9ZQP0mJKw9XeBDsSrImRs/ZSxohLpFua4eg4dYwzZva', 'jembertonah@ucsd.edu', '6208637902', 1, 0, 'Mr'),
(379, 10, 'tmeesonai', 'Talya', 'Meeson', '$2b$10$lNs8PW2a8V9ZQP0mJKw9XeBDsSrImRs/ZSxohLpFua4eg4dYwzZva', 'tmeesonai@intel.com', '1880472902', 1, 0, 'Mr'),
(380, 12, 'rcostellaj', 'Rici', 'Costell', '$2b$10$lNs8PW2a8V9ZQP0mJKw9XeBDsSrImRs/ZSxohLpFua4eg4dYwzZva', 'rcostellaj@google.fr', '9429165984', 1, 0, 'Mr'),
(381, 10, 'hforseyak', 'Harley', 'Forsey', '$2b$10$lNs8PW2a8V9ZQP0mJKw9XeBDsSrImRs/ZSxohLpFua4eg4dYwzZva', 'hforseyak@si.edu', '0968868703', 1, 0, 'Mr'),
(382, 12, 'gswinburnal', 'Granthem', 'Swinburn', '$2b$10$lNs8PW2a8V9ZQP0mJKw9XeBDsSrImRs/ZSxohLpFua4eg4dYwzZva', 'gswinburnal@sina.com.cn', '9921681567', 1, 0, 'Mr'),
(383, 11, 'sbrethertonam', 'Shannen', 'Bretherton', '$2b$10$lNs8PW2a8V9ZQP0mJKw9XeBDsSrImRs/ZSxohLpFua4eg4dYwzZva', 'sbrethertonam@reference.com', '4233287241', 1, 0, 'Mr'),
(384, 12, 'cprean', 'Colan', 'Pre', '$2b$10$lNs8PW2a8V9ZQP0mJKw9XeBDsSrImRs/ZSxohLpFua4eg4dYwzZva', 'cprean@webeden.co.uk', '8494985272', 1, 0, 'Mr'),
(385, 9, 'rpinwillao', 'Rosita', 'Pinwill', '$2b$10$lNs8PW2a8V9ZQP0mJKw9XeBDsSrImRs/ZSxohLpFua4eg4dYwzZva', 'rpinwillao@tinyurl.com', '5270670054', 1, 0, 'Mr'),
(386, 12, 'cfrakeap', 'Clementius', 'Frake', '$2b$10$lNs8PW2a8V9ZQP0mJKw9XeBDsSrImRs/ZSxohLpFua4eg4dYwzZva', 'cfrakeap@shinystat.com', '3262724092', 1, 0, 'Mr'),
(387, 10, 'rmcaulayaq', 'Reynard', 'McAulay', '$2b$10$lNs8PW2a8V9ZQP0mJKw9XeBDsSrImRs/ZSxohLpFua4eg4dYwzZva', 'rmcaulayaq@washington.edu', '0433761032', 1, 0, 'Mr'),
(388, 8, 'ckillbyar', 'Celestina', 'Killby', '$2b$10$lNs8PW2a8V9ZQP0mJKw9XeBDsSrImRs/ZSxohLpFua4eg4dYwzZva', 'ckillbyar@hostgator.com', '4943965156', 1, 0, 'Mr'),
(389, 9, 'hcorrettas', 'Hank', 'Corrett', '$2b$10$lNs8PW2a8V9ZQP0mJKw9XeBDsSrImRs/ZSxohLpFua4eg4dYwzZva', 'hcorrettas@google.cn', '9087851189', 1, 0, 'Mr'),
(390, 11, 'wkingsmillat', 'Willie', 'Kingsmill', '$2b$10$lNs8PW2a8V9ZQP0mJKw9XeBDsSrImRs/ZSxohLpFua4eg4dYwzZva', 'wkingsmillat@gov.uk', '7522727758', 1, 0, 'Mr'),
(391, 12, 'ccrillyau', 'Cesya', 'Crilly', '$2b$10$lNs8PW2a8V9ZQP0mJKw9XeBDsSrImRs/ZSxohLpFua4eg4dYwzZva', 'ccrillyau@cnet.com', '7089593819', 1, 0, 'Mr'),
(392, 11, 'lstutelyav', 'Lebbie', 'Stutely', '$2b$10$lNs8PW2a8V9ZQP0mJKw9XeBDsSrImRs/ZSxohLpFua4eg4dYwzZva', 'lstutelyav@wikipedia.org', '4072610844', 1, 0, 'Mr'),
(393, 12, 'nbenitaw', 'Nissie', 'Benit', '$2b$10$lNs8PW2a8V9ZQP0mJKw9XeBDsSrImRs/ZSxohLpFua4eg4dYwzZva', 'nbenitaw@vistaprint.com', '1775258998', 1, 0, 'Mr'),
(394, 12, 'kofalloneax', 'Kendre', 'O\'Fallone', '$2b$10$lNs8PW2a8V9ZQP0mJKw9XeBDsSrImRs/ZSxohLpFua4eg4dYwzZva', 'kofalloneax@wsj.com', '3601553368', 1, 0, 'Mr'),
(395, 10, 'mmcneachtainay', 'Marie', 'McNeachtain', '$2b$10$lNs8PW2a8V9ZQP0mJKw9XeBDsSrImRs/ZSxohLpFua4eg4dYwzZva', 'mmcneachtainay@cornell.edu', '8756299443', 1, 0, 'Mr'),
(396, 10, 'abillitteriaz', 'Aldwin', 'Billitteri', '$2b$10$lNs8PW2a8V9ZQP0mJKw9XeBDsSrImRs/ZSxohLpFua4eg4dYwzZva', 'abillitteriaz@tiny.cc', '2175731235', 1, 0, 'Mr'),
(397, 12, 'mkilloughb0', 'Morgun', 'Killough', '$2b$10$lNs8PW2a8V9ZQP0mJKw9XeBDsSrImRs/ZSxohLpFua4eg4dYwzZva', 'mkilloughb0@unc.edu', '7967009681', 1, 0, 'Mr'),
(398, 11, 'chebbardb1', 'Cos', 'Hebbard', '$2b$10$lNs8PW2a8V9ZQP0mJKw9XeBDsSrImRs/ZSxohLpFua4eg4dYwzZva', 'chebbardb1@samsung.com', '3799062289', 1, 0, 'Mr'),
(399, 9, 'mbasezzib2', 'Millie', 'Basezzi', '$2b$10$lNs8PW2a8V9ZQP0mJKw9XeBDsSrImRs/ZSxohLpFua4eg4dYwzZva', 'mbasezzib2@edublogs.org', '0647749629', 1, 0, 'Mr'),
(400, 10, 'vcottrellb3', 'Vernen', 'Cottrell', '$2b$10$lNs8PW2a8V9ZQP0mJKw9XeBDsSrImRs/ZSxohLpFua4eg4dYwzZva', 'vcottrellb3@oakley.com', '0332507580', 1, 0, 'Mr'),
(401, 12, 'mmillamb4', 'Malvina', 'Millam', '$2b$10$lNs8PW2a8V9ZQP0mJKw9XeBDsSrImRs/ZSxohLpFua4eg4dYwzZva', 'mmillamb4@apple.com', '8447183874', 1, 0, 'Mr'),
(402, 10, 'hnosworthyb5', 'Hayyim', 'Nosworthy', '$2b$10$lNs8PW2a8V9ZQP0mJKw9XeBDsSrImRs/ZSxohLpFua4eg4dYwzZva', 'hnosworthyb5@edublogs.org', '5860214014', 1, 0, 'Mr'),
(403, 11, 'kpirrieb6', 'Karola', 'Pirrie', '$2b$10$lNs8PW2a8V9ZQP0mJKw9XeBDsSrImRs/ZSxohLpFua4eg4dYwzZva', 'kpirrieb6@live.com', '4479096418', 1, 0, 'Mr'),
(404, 8, 'sbairdb7', 'Shoshana', 'Baird', '$2b$10$lNs8PW2a8V9ZQP0mJKw9XeBDsSrImRs/ZSxohLpFua4eg4dYwzZva', 'sbairdb7@indiegogo.com', '7886802888', 1, 0, 'Mr'),
(405, 11, 'gpidonb8', 'Georgiana', 'Pidon', '$2b$10$lNs8PW2a8V9ZQP0mJKw9XeBDsSrImRs/ZSxohLpFua4eg4dYwzZva', 'gpidonb8@mayoclinic.com', '7978422232', 1, 0, 'Mr'),
(406, 8, 'rvanarsdallb9', 'Rosetta', 'Van Arsdall', '$2b$10$lNs8PW2a8V9ZQP0mJKw9XeBDsSrImRs/ZSxohLpFua4eg4dYwzZva', 'rvanarsdallb9@fda.gov', '6619469450', 1, 0, 'Mr'),
(407, 8, 'mbollinba', 'Myrtie', 'Bollin', '$2b$10$lNs8PW2a8V9ZQP0mJKw9XeBDsSrImRs/ZSxohLpFua4eg4dYwzZva', 'mbollinba@canalblog.com', '7258141863', 1, 0, 'Mr'),
(408, 11, 'kmaysbb', 'Kirsten', 'Mays', '$2b$10$lNs8PW2a8V9ZQP0mJKw9XeBDsSrImRs/ZSxohLpFua4eg4dYwzZva', 'kmaysbb@wikia.com', '4486162625', 1, 0, 'Mr'),
(409, 10, 'mraffinbc', 'Mervin', 'Raffin', '$2b$10$lNs8PW2a8V9ZQP0mJKw9XeBDsSrImRs/ZSxohLpFua4eg4dYwzZva', 'mraffinbc@flavors.me', '6272383517', 1, 0, 'Mr'),
(410, 12, 'fgainorbd', 'Frederica', 'Gainor', '$2b$10$lNs8PW2a8V9ZQP0mJKw9XeBDsSrImRs/ZSxohLpFua4eg4dYwzZva', 'fgainorbd@ft.com', '4816935797', 1, 0, 'Mr'),
(411, 11, 'psavarybe', 'Paule', 'Savary', '$2b$10$lNs8PW2a8V9ZQP0mJKw9XeBDsSrImRs/ZSxohLpFua4eg4dYwzZva', 'psavarybe@upenn.edu', '8567018846', 1, 0, 'Mr'),
(412, 12, 'rezelebf', 'Reid', 'Ezele', '$2b$10$lNs8PW2a8V9ZQP0mJKw9XeBDsSrImRs/ZSxohLpFua4eg4dYwzZva', 'rezelebf@indiatimes.com', '6568181528', 1, 0, 'Mr'),
(413, 9, 'bseybg', 'Brinna', 'Sey', '$2b$10$lNs8PW2a8V9ZQP0mJKw9XeBDsSrImRs/ZSxohLpFua4eg4dYwzZva', 'bseybg@china.com.cn', '6227266507', 1, 0, 'Mr'),
(414, 9, 'wklehnbh', 'Windy', 'Klehn', '$2b$10$lNs8PW2a8V9ZQP0mJKw9XeBDsSrImRs/ZSxohLpFua4eg4dYwzZva', 'wklehnbh@geocities.com', '6726467230', 1, 0, 'Mr'),
(415, 10, 'bfruchonbi', 'Brenn', 'Fruchon', '$2b$10$lNs8PW2a8V9ZQP0mJKw9XeBDsSrImRs/ZSxohLpFua4eg4dYwzZva', 'bfruchonbi@linkedin.com', '1740761286', 1, 0, 'Mr'),
(416, 9, 'psweetbj', 'Percy', 'Sweet', '$2b$10$lNs8PW2a8V9ZQP0mJKw9XeBDsSrImRs/ZSxohLpFua4eg4dYwzZva', 'psweetbj@imgur.com', '6529048073', 1, 0, 'Mr'),
(417, 11, 'tnultybk', 'Tymothy', 'Nulty', '$2b$10$lNs8PW2a8V9ZQP0mJKw9XeBDsSrImRs/ZSxohLpFua4eg4dYwzZva', 'tnultybk@prnewswire.com', '3473430501', 1, 0, 'Mr'),
(418, 8, 'bfairlawbl', 'Bale', 'Fairlaw', '$2b$10$lNs8PW2a8V9ZQP0mJKw9XeBDsSrImRs/ZSxohLpFua4eg4dYwzZva', 'bfairlawbl@histats.com', '8636494222', 1, 0, 'Mr'),
(419, 10, 'istuttardbm', 'Ivar', 'Stuttard', '$2b$10$lNs8PW2a8V9ZQP0mJKw9XeBDsSrImRs/ZSxohLpFua4eg4dYwzZva', 'istuttardbm@sfgate.com', '0396183409', 1, 0, 'Mr'),
(420, 10, 'emccunnbn', 'Ethelin', 'McCunn', '$2b$10$lNs8PW2a8V9ZQP0mJKw9XeBDsSrImRs/ZSxohLpFua4eg4dYwzZva', 'emccunnbn@mtv.com', '0621601756', 1, 0, 'Mr'),
(421, 11, 'kiacopobo', 'Kordula', 'Iacopo', '$2b$10$lNs8PW2a8V9ZQP0mJKw9XeBDsSrImRs/ZSxohLpFua4eg4dYwzZva', 'kiacopobo@vk.com', '7370948528', 1, 0, 'Mr'),
(422, 8, 'ngernierbp', 'Nap', 'Gernier', '$2b$10$lNs8PW2a8V9ZQP0mJKw9XeBDsSrImRs/ZSxohLpFua4eg4dYwzZva', 'ngernierbp@boston.com', '0641160399', 1, 0, 'Mr'),
(423, 8, 'kchipchasebq', 'Kenneth', 'Chipchase', '$2b$10$lNs8PW2a8V9ZQP0mJKw9XeBDsSrImRs/ZSxohLpFua4eg4dYwzZva', 'kchipchasebq@yellowpages.com', '9715388566', 1, 0, 'Mr'),
(424, 12, 'rklimkebr', 'Roseanna', 'Klimke', '$2b$10$lNs8PW2a8V9ZQP0mJKw9XeBDsSrImRs/ZSxohLpFua4eg4dYwzZva', 'rklimkebr@diigo.com', '1955789142', 1, 0, 'Mr'),
(425, 10, 'imonseybs', 'Ike', 'Monsey', '$2b$10$lNs8PW2a8V9ZQP0mJKw9XeBDsSrImRs/ZSxohLpFua4eg4dYwzZva', 'imonseybs@ftc.gov', '0993442498', 1, 0, 'Mr'),
(426, 11, 'fhannigerbt', 'Fawne', 'Hanniger', '$2b$10$lNs8PW2a8V9ZQP0mJKw9XeBDsSrImRs/ZSxohLpFua4eg4dYwzZva', 'fhannigerbt@google.cn', '7857685968', 1, 0, 'Mr'),
(427, 12, 'aondrabu', 'Ancell', 'Ondra', '$2b$10$lNs8PW2a8V9ZQP0mJKw9XeBDsSrImRs/ZSxohLpFua4eg4dYwzZva', 'aondrabu@chronoengine.com', '5065078173', 1, 0, 'Mr'),
(428, 11, 'hsimchenkobv', 'Heddi', 'Simchenko', '$2b$10$lNs8PW2a8V9ZQP0mJKw9XeBDsSrImRs/ZSxohLpFua4eg4dYwzZva', 'hsimchenkobv@theguardian.com', '2240480645', 1, 0, 'Mr'),
(429, 9, 'pmogiebw', 'Panchito', 'Mogie', '$2b$10$lNs8PW2a8V9ZQP0mJKw9XeBDsSrImRs/ZSxohLpFua4eg4dYwzZva', 'pmogiebw@1und1.de', '3436787507', 1, 0, 'Mr'),
(430, 12, 'beverallbx', 'Bartel', 'Everall', '$2b$10$lNs8PW2a8V9ZQP0mJKw9XeBDsSrImRs/ZSxohLpFua4eg4dYwzZva', 'beverallbx@devhub.com', '5787551702', 1, 0, 'Mr'),
(431, 9, 'wbernardottiby', 'Winni', 'Bernardotti', '$2b$10$lNs8PW2a8V9ZQP0mJKw9XeBDsSrImRs/ZSxohLpFua4eg4dYwzZva', 'wbernardottiby@linkedin.com', '9683392997', 1, 0, 'Mr'),
(432, 9, 'efalveybz', 'Erda', 'Falvey', '$2b$10$lNs8PW2a8V9ZQP0mJKw9XeBDsSrImRs/ZSxohLpFua4eg4dYwzZva', 'efalveybz@constantcontact.com', '6970317137', 1, 0, 'Mr'),
(433, 11, 'egrettonc0', 'Elspeth', 'Gretton', '$2b$10$lNs8PW2a8V9ZQP0mJKw9XeBDsSrImRs/ZSxohLpFua4eg4dYwzZva', 'egrettonc0@state.tx.us', '8243797998', 1, 0, 'Mr'),
(434, 11, 'rvanleijsc1', 'Rena', 'Van Leijs', '$2b$10$lNs8PW2a8V9ZQP0mJKw9XeBDsSrImRs/ZSxohLpFua4eg4dYwzZva', 'rvanleijsc1@sphinn.com', '7257901325', 1, 0, 'Mr'),
(435, 11, 'gsperwellc2', 'Gertrude', 'Sperwell', '$2b$10$lNs8PW2a8V9ZQP0mJKw9XeBDsSrImRs/ZSxohLpFua4eg4dYwzZva', 'gsperwellc2@salon.com', '7802985870', 1, 0, 'Mr'),
(436, 12, 'hmartinovskyc3', 'Hatti', 'Martinovsky', '$2b$10$lNs8PW2a8V9ZQP0mJKw9XeBDsSrImRs/ZSxohLpFua4eg4dYwzZva', 'hmartinovskyc3@bandcamp.com', '9700623947', 1, 0, 'Mr'),
(437, 11, 'lpatshullc4', 'Lura', 'Patshull', '$2b$10$lNs8PW2a8V9ZQP0mJKw9XeBDsSrImRs/ZSxohLpFua4eg4dYwzZva', 'lpatshullc4@g.co', '1530829585', 1, 0, 'Mr'),
(438, 10, 'bmaxsteadc5', 'Bentlee', 'Maxstead', '$2b$10$lNs8PW2a8V9ZQP0mJKw9XeBDsSrImRs/ZSxohLpFua4eg4dYwzZva', 'bmaxsteadc5@utexas.edu', '5907335602', 1, 0, 'Mr'),
(439, 11, 'bpotterc6', 'Beale', 'Potter', '$2b$10$lNs8PW2a8V9ZQP0mJKw9XeBDsSrImRs/ZSxohLpFua4eg4dYwzZva', 'bpotterc6@ezinearticles.com', '7849447395', 1, 0, 'Mr'),
(440, 12, 'rstringmanc7', 'Renado', 'Stringman', '$2b$10$lNs8PW2a8V9ZQP0mJKw9XeBDsSrImRs/ZSxohLpFua4eg4dYwzZva', 'rstringmanc7@hao123.com', '8817994693', 1, 0, 'Mr'),
(441, 10, 'gpetranekc8', 'Garik', 'Petranek', '$2b$10$lNs8PW2a8V9ZQP0mJKw9XeBDsSrImRs/ZSxohLpFua4eg4dYwzZva', 'gpetranekc8@senate.gov', '6084187633', 1, 0, 'Mr'),
(442, 10, 'bbreedyc9', 'Bernita', 'Breedy', '$2b$10$lNs8PW2a8V9ZQP0mJKw9XeBDsSrImRs/ZSxohLpFua4eg4dYwzZva', 'bbreedyc9@bravesites.com', '9341294738', 1, 0, 'Mr'),
(443, 9, 'ljurgensonca', 'Linn', 'Jurgenson', '$2b$10$lNs8PW2a8V9ZQP0mJKw9XeBDsSrImRs/ZSxohLpFua4eg4dYwzZva', 'ljurgensonca@mozilla.com', '5944622881', 1, 0, 'Mr'),
(444, 9, 'pgostickcb', 'Piotr', 'Gostick', '$2b$10$lNs8PW2a8V9ZQP0mJKw9XeBDsSrImRs/ZSxohLpFua4eg4dYwzZva', 'pgostickcb@miitbeian.gov.cn', '8816340037', 1, 0, 'Mr'),
(445, 10, 'everheijdencc', 'Elana', 'Verheijden', '$2b$10$lNs8PW2a8V9ZQP0mJKw9XeBDsSrImRs/ZSxohLpFua4eg4dYwzZva', 'everheijdencc@flickr.com', '8064186927', 1, 0, 'Mr'),
(446, 10, 'mpomfretcd', 'Marthena', 'Pomfret', '$2b$10$lNs8PW2a8V9ZQP0mJKw9XeBDsSrImRs/ZSxohLpFua4eg4dYwzZva', 'mpomfretcd@ca.gov', '0414200640', 1, 0, 'Mr'),
(447, 12, 'mdevillece', 'Miranda', 'Deville', '$2b$10$lNs8PW2a8V9ZQP0mJKw9XeBDsSrImRs/ZSxohLpFua4eg4dYwzZva', 'mdevillece@ifeng.com', '3838899741', 1, 0, 'Mr'),
(448, 12, 'erouchycf', 'Elvina', 'Rouchy', '$2b$10$lNs8PW2a8V9ZQP0mJKw9XeBDsSrImRs/ZSxohLpFua4eg4dYwzZva', 'erouchycf@oakley.com', '6949396279', 1, 0, 'Mr'),
(449, 11, 'pfranciskiewiczcg', 'Piper', 'Franciskiewicz', '$2b$10$lNs8PW2a8V9ZQP0mJKw9XeBDsSrImRs/ZSxohLpFua4eg4dYwzZva', 'pfranciskiewiczcg@g.co', '3272559388', 1, 0, 'Mr'),
(450, 12, 'thenighanch', 'Tedie', 'Henighan', '$2b$10$lNs8PW2a8V9ZQP0mJKw9XeBDsSrImRs/ZSxohLpFua4eg4dYwzZva', 'thenighanch@ucsd.edu', '5606830108', 1, 0, 'Mr'),
(451, 9, 'gcolgraveci', 'Giff', 'Colgrave', '$2b$10$lNs8PW2a8V9ZQP0mJKw9XeBDsSrImRs/ZSxohLpFua4eg4dYwzZva', 'gcolgraveci@msu.edu', '7951208566', 1, 0, 'Mr'),
(452, 10, 'lventomcj', 'Libby', 'Ventom', '$2b$10$lNs8PW2a8V9ZQP0mJKw9XeBDsSrImRs/ZSxohLpFua4eg4dYwzZva', 'lventomcj@devhub.com', '0167514571', 1, 0, 'Mr'),
(453, 12, 'fpaulleyck', 'Fred', 'Paulley', '$2b$10$lNs8PW2a8V9ZQP0mJKw9XeBDsSrImRs/ZSxohLpFua4eg4dYwzZva', 'fpaulleyck@webeden.co.uk', '0876860072', 1, 0, 'Mr'),
(454, 9, 'atarttcl', 'Annamarie', 'Tartt', '$2b$10$lNs8PW2a8V9ZQP0mJKw9XeBDsSrImRs/ZSxohLpFua4eg4dYwzZva', 'atarttcl@icio.us', '8003269083', 1, 0, 'Mr'),
(455, 8, 'jswanniecm', 'Joy', 'Swannie', '$2b$10$lNs8PW2a8V9ZQP0mJKw9XeBDsSrImRs/ZSxohLpFua4eg4dYwzZva', 'jswanniecm@forbes.com', '2611528365', 1, 0, 'Mr'),
(456, 10, 'eghionecn', 'Eugenia', 'Ghione', '$2b$10$lNs8PW2a8V9ZQP0mJKw9XeBDsSrImRs/ZSxohLpFua4eg4dYwzZva', 'eghionecn@house.gov', '0526639407', 1, 0, 'Mr'),
(457, 9, 'prosenqvistco', 'Payton', 'Rosenqvist', '$2b$10$lNs8PW2a8V9ZQP0mJKw9XeBDsSrImRs/ZSxohLpFua4eg4dYwzZva', 'prosenqvistco@deliciousdays.com', '4947079207', 1, 0, 'Mr'),
(458, 12, 'mbuttercp', 'Maridel', 'Butter', '$2b$10$lNs8PW2a8V9ZQP0mJKw9XeBDsSrImRs/ZSxohLpFua4eg4dYwzZva', 'mbuttercp@disqus.com', '4558598327', 1, 0, 'Mr'),
(459, 8, 'kmalarkeycq', 'Kimball', 'Malarkey', '$2b$10$lNs8PW2a8V9ZQP0mJKw9XeBDsSrImRs/ZSxohLpFua4eg4dYwzZva', 'kmalarkeycq@slate.com', '3710646634', 1, 0, 'Mr'),
(460, 9, 'dtolumellocr', 'Dewain', 'Tolumello', '$2b$10$lNs8PW2a8V9ZQP0mJKw9XeBDsSrImRs/ZSxohLpFua4eg4dYwzZva', 'dtolumellocr@ed.gov', '9547105906', 1, 0, 'Mr'),
(461, 12, 'dalesocs', 'Dora', 'Aleso', '$2b$10$lNs8PW2a8V9ZQP0mJKw9XeBDsSrImRs/ZSxohLpFua4eg4dYwzZva', 'dalesocs@geocities.com', '7018112524', 1, 0, 'Mr'),
(462, 10, 'jheinschkect', 'Julio', 'Heinschke', '$2b$10$lNs8PW2a8V9ZQP0mJKw9XeBDsSrImRs/ZSxohLpFua4eg4dYwzZva', 'jheinschkect@indiatimes.com', '5228927786', 1, 0, 'Mr'),
(463, 9, 'amathissencu', 'Artie', 'Mathissen', '$2b$10$lNs8PW2a8V9ZQP0mJKw9XeBDsSrImRs/ZSxohLpFua4eg4dYwzZva', 'amathissencu@acquirethisname.com', '3513697848', 1, 0, 'Mr'),
(464, 11, 'bvennartcv', 'Blaine', 'Vennart', '$2b$10$lNs8PW2a8V9ZQP0mJKw9XeBDsSrImRs/ZSxohLpFua4eg4dYwzZva', 'bvennartcv@wix.com', '6281405536', 1, 0, 'Mr'),
(465, 10, 'vcowthartcw', 'Vyky', 'Cowthart', '$2b$10$lNs8PW2a8V9ZQP0mJKw9XeBDsSrImRs/ZSxohLpFua4eg4dYwzZva', 'vcowthartcw@so-net.ne.jp', '9930175431', 1, 0, 'Mr'),
(466, 9, 'apentonycx', 'Annamarie', 'Pentony', '$2b$10$lNs8PW2a8V9ZQP0mJKw9XeBDsSrImRs/ZSxohLpFua4eg4dYwzZva', 'apentonycx@twitter.com', '9653190423', 1, 0, 'Mr'),
(467, 12, 'balsopcy', 'Bucky', 'Alsop', '$2b$10$lNs8PW2a8V9ZQP0mJKw9XeBDsSrImRs/ZSxohLpFua4eg4dYwzZva', 'balsopcy@com.com', '6188016843', 1, 0, 'Mr'),
(468, 8, 'mdelamarcz', 'Marabel', 'Delamar', '$2b$10$lNs8PW2a8V9ZQP0mJKw9XeBDsSrImRs/ZSxohLpFua4eg4dYwzZva', 'mdelamarcz@mtv.com', '1506898580', 1, 0, 'Mr'),
(469, 8, 'radraind0', 'Roch', 'Adrain', '$2b$10$lNs8PW2a8V9ZQP0mJKw9XeBDsSrImRs/ZSxohLpFua4eg4dYwzZva', 'radraind0@drupal.org', '7003685418', 1, 0, 'Mr'),
(470, 8, 'dconachied1', 'Dunstan', 'Conachie', '$2b$10$lNs8PW2a8V9ZQP0mJKw9XeBDsSrImRs/ZSxohLpFua4eg4dYwzZva', 'dconachied1@uiuc.edu', '9290861584', 1, 0, 'Mr'),
(471, 8, 'alecountd2', 'Annamaria', 'Le Count', '$2b$10$lNs8PW2a8V9ZQP0mJKw9XeBDsSrImRs/ZSxohLpFua4eg4dYwzZva', 'alecountd2@angelfire.com', '2370283882', 1, 0, 'Mr'),
(472, 8, 'lgeered3', 'Lauritz', 'Geere', '$2b$10$lNs8PW2a8V9ZQP0mJKw9XeBDsSrImRs/ZSxohLpFua4eg4dYwzZva', 'lgeered3@opensource.org', '5947926253', 1, 0, 'Mr'),
(473, 9, 'slinwoodd4', 'Sonnie', 'Linwood', '$2b$10$lNs8PW2a8V9ZQP0mJKw9XeBDsSrImRs/ZSxohLpFua4eg4dYwzZva', 'slinwoodd4@themeforest.net', '3076871897', 1, 0, 'Mr'),
(474, 12, 'hbailesd5', 'Hilton', 'Bailes', '$2b$10$lNs8PW2a8V9ZQP0mJKw9XeBDsSrImRs/ZSxohLpFua4eg4dYwzZva', 'hbailesd5@istockphoto.com', '7417658954', 1, 0, 'Mr'),
(475, 10, 'tkowalikd6', 'Tresa', 'Kowalik', '$2b$10$lNs8PW2a8V9ZQP0mJKw9XeBDsSrImRs/ZSxohLpFua4eg4dYwzZva', 'tkowalikd6@blinklist.com', '0518590526', 1, 0, 'Mr'),
(476, 8, 'mtinerd7', 'Mandel', 'Tiner', '$2b$10$lNs8PW2a8V9ZQP0mJKw9XeBDsSrImRs/ZSxohLpFua4eg4dYwzZva', 'mtinerd7@seesaa.net', '7939232851', 1, 0, 'Mr'),
(477, 9, 'mgreenwayd8', 'Maxine', 'Greenway', '$2b$10$lNs8PW2a8V9ZQP0mJKw9XeBDsSrImRs/ZSxohLpFua4eg4dYwzZva', 'mgreenwayd8@icq.com', '1430060778', 1, 0, 'Mr'),
(478, 12, 'peronied9', 'Patty', 'Eronie', '$2b$10$lNs8PW2a8V9ZQP0mJKw9XeBDsSrImRs/ZSxohLpFua4eg4dYwzZva', 'peronied9@howstuffworks.com', '6572620522', 1, 0, 'Mr'),
(479, 8, 'smacfallda', 'Skippy', 'MacFall', '$2b$10$lNs8PW2a8V9ZQP0mJKw9XeBDsSrImRs/ZSxohLpFua4eg4dYwzZva', 'smacfallda@google.it', '0514444177', 1, 0, 'Mr'),
(480, 11, 'mmelliarddb', 'Moina', 'Melliard', '$2b$10$lNs8PW2a8V9ZQP0mJKw9XeBDsSrImRs/ZSxohLpFua4eg4dYwzZva', 'mmelliarddb@storify.com', '6406420918', 1, 0, 'Mr'),
(481, 10, 'rbrownbilldc', 'Ramsay', 'Brownbill', '$2b$10$lNs8PW2a8V9ZQP0mJKw9XeBDsSrImRs/ZSxohLpFua4eg4dYwzZva', 'rbrownbilldc@so-net.ne.jp', '8644145177', 1, 0, 'Mr'),
(482, 9, 'mclaraedd', 'Marcelia', 'Clarae', '$2b$10$lNs8PW2a8V9ZQP0mJKw9XeBDsSrImRs/ZSxohLpFua4eg4dYwzZva', 'mclaraedd@census.gov', '2602925187', 1, 0, 'Mr'),
(483, 10, 'gmckagde', 'Garald', 'McKag', '$2b$10$lNs8PW2a8V9ZQP0mJKw9XeBDsSrImRs/ZSxohLpFua4eg4dYwzZva', 'gmckagde@alexa.com', '4396288212', 1, 0, 'Mr'),
(484, 9, 'aduminidf', 'Andy', 'Dumini', '$2b$10$lNs8PW2a8V9ZQP0mJKw9XeBDsSrImRs/ZSxohLpFua4eg4dYwzZva', 'aduminidf@usnews.com', '5714783409', 1, 0, 'Mr'),
(485, 11, 'gbrownsmithdg', 'Glynis', 'Brownsmith', '$2b$10$lNs8PW2a8V9ZQP0mJKw9XeBDsSrImRs/ZSxohLpFua4eg4dYwzZva', 'gbrownsmithdg@trellian.com', '4972066032', 1, 0, 'Mr'),
(486, 8, 'mrodeardh', 'Mick', 'Rodear', '$2b$10$lNs8PW2a8V9ZQP0mJKw9XeBDsSrImRs/ZSxohLpFua4eg4dYwzZva', 'mrodeardh@pen.io', '8267285806', 1, 0, 'Mr'),
(487, 10, 'wsycamoredi', 'Windy', 'Sycamore', '$2b$10$lNs8PW2a8V9ZQP0mJKw9XeBDsSrImRs/ZSxohLpFua4eg4dYwzZva', 'wsycamoredi@npr.org', '5970848085', 1, 0, 'Mr'),
(488, 8, 'lhafnerdj', 'Lorrie', 'Hafner', '$2b$10$lNs8PW2a8V9ZQP0mJKw9XeBDsSrImRs/ZSxohLpFua4eg4dYwzZva', 'lhafnerdj@senate.gov', '9254998397', 1, 0, 'Mr'),
(489, 8, 'dcorneildk', 'Dallis', 'Corneil', '$2b$10$lNs8PW2a8V9ZQP0mJKw9XeBDsSrImRs/ZSxohLpFua4eg4dYwzZva', 'dcorneildk@mozilla.com', '8609384063', 1, 0, 'Mr'),
(490, 9, 'ahenrychdl', 'Augustine', 'Henrych', '$2b$10$lNs8PW2a8V9ZQP0mJKw9XeBDsSrImRs/ZSxohLpFua4eg4dYwzZva', 'ahenrychdl@woothemes.com', '0628604645', 1, 0, 'Mr'),
(491, 11, 'ajentgensdm', 'Aarika', 'Jentgens', '$2b$10$lNs8PW2a8V9ZQP0mJKw9XeBDsSrImRs/ZSxohLpFua4eg4dYwzZva', 'ajentgensdm@spiegel.de', '9612916926', 1, 0, 'Mr'),
(492, 12, 'cmatusdn', 'Chelsea', 'Matus', '$2b$10$lNs8PW2a8V9ZQP0mJKw9XeBDsSrImRs/ZSxohLpFua4eg4dYwzZva', 'cmatusdn@unblog.fr', '4823264061', 1, 0, 'Mr'),
(493, 9, 'daggiodo', 'Danita', 'Aggio', '$2b$10$lNs8PW2a8V9ZQP0mJKw9XeBDsSrImRs/ZSxohLpFua4eg4dYwzZva', 'daggiodo@narod.ru', '3848542986', 1, 0, 'Mr'),
(494, 10, 'apodmoredp', 'Alfons', 'Podmore', '$2b$10$lNs8PW2a8V9ZQP0mJKw9XeBDsSrImRs/ZSxohLpFua4eg4dYwzZva', 'apodmoredp@foxnews.com', '9313598558', 1, 0, 'Mr'),
(495, 10, 'hbottelldq', 'Harwilll', 'Bottell', '$2b$10$lNs8PW2a8V9ZQP0mJKw9XeBDsSrImRs/ZSxohLpFua4eg4dYwzZva', 'hbottelldq@t-online.de', '8000754460', 1, 0, 'Mr'),
(496, 8, 'mgleetondr', 'Mair', 'Gleeton', '$2b$10$lNs8PW2a8V9ZQP0mJKw9XeBDsSrImRs/ZSxohLpFua4eg4dYwzZva', 'mgleetondr@wsj.com', '1929090293', 1, 0, 'Mr'),
(497, 12, 'ssahlstromds', 'Silvan', 'Sahlstrom', '$2b$10$lNs8PW2a8V9ZQP0mJKw9XeBDsSrImRs/ZSxohLpFua4eg4dYwzZva', 'ssahlstromds@comsenz.com', '3909988040', 1, 0, 'Mr'),
(498, 9, 'aeliondt', 'Ali', 'Elion', '$2b$10$lNs8PW2a8V9ZQP0mJKw9XeBDsSrImRs/ZSxohLpFua4eg4dYwzZva', 'aeliondt@narod.ru', '0394601262', 1, 0, 'Mr'),
(499, 10, 'nhucdu', 'Nelia', 'Huc', '$2b$10$lNs8PW2a8V9ZQP0mJKw9XeBDsSrImRs/ZSxohLpFua4eg4dYwzZva', 'nhucdu@cbc.ca', '3705666738', 1, 0, 'Mr'),
(500, 9, 'lmartendv', 'Leontyne', 'Marten', '$2b$10$lNs8PW2a8V9ZQP0mJKw9XeBDsSrImRs/ZSxohLpFua4eg4dYwzZva', 'lmartendv@wikispaces.com', '1850996784', 1, 0, 'Mr'),
(501, 9, 'imurrelldw', 'Iago', 'Murrell', '$2b$10$lNs8PW2a8V9ZQP0mJKw9XeBDsSrImRs/ZSxohLpFua4eg4dYwzZva', 'imurrelldw@amazon.co.jp', '4079624611', 1, 0, 'Mr'),
(502, 12, 'dmaitlanddx', 'Daphene', 'Maitland', '$2b$10$lNs8PW2a8V9ZQP0mJKw9XeBDsSrImRs/ZSxohLpFua4eg4dYwzZva', 'dmaitlanddx@discuz.net', '3598826362', 1, 0, 'Ms'),
(503, 11, 'bwankdy', 'Bird', 'Wank', '$2b$10$lNs8PW2a8V9ZQP0mJKw9XeBDsSrImRs/ZSxohLpFua4eg4dYwzZva', 'bwankdy@nasa.gov', '8494886142', 1, 0, 'Ms'),
(504, 11, 'aosburndz', 'Antoinette', 'Osburn', '$2b$10$lNs8PW2a8V9ZQP0mJKw9XeBDsSrImRs/ZSxohLpFua4eg4dYwzZva', 'aosburndz@dot.gov', '0303315857', 1, 0, 'Ms'),
(505, 10, 'rtrafforde0', 'Rory', 'Trafford', '$2b$10$lNs8PW2a8V9ZQP0mJKw9XeBDsSrImRs/ZSxohLpFua4eg4dYwzZva', 'rtrafforde0@irs.gov', '6265394932', 1, 0, 'Ms'),
(506, 12, 'lrickise1', 'Leighton', 'Rickis', '$2b$10$lNs8PW2a8V9ZQP0mJKw9XeBDsSrImRs/ZSxohLpFua4eg4dYwzZva', 'lrickise1@alexa.com', '2028037644', 1, 0, 'Ms'),
(507, 9, 'blowdyanee2', 'Bernardo', 'Lowdyane', '$2b$10$lNs8PW2a8V9ZQP0mJKw9XeBDsSrImRs/ZSxohLpFua4eg4dYwzZva', 'blowdyanee2@marketwatch.com', '7691515928', 1, 0, 'Ms'),
(508, 10, 'tedghinne3', 'Thomasin', 'Edghinn', '$2b$10$lNs8PW2a8V9ZQP0mJKw9XeBDsSrImRs/ZSxohLpFua4eg4dYwzZva', 'tedghinne3@pcworld.com', '0193362856', 1, 0, 'Ms'),
(509, 10, 'ahelgasse4', 'Artemis', 'Helgass', '$2b$10$lNs8PW2a8V9ZQP0mJKw9XeBDsSrImRs/ZSxohLpFua4eg4dYwzZva', 'ahelgasse4@engadget.com', '8462749409', 1, 0, 'Ms'),
(510, 8, 'kteazee5', 'Kellby', 'Teaze', '$2b$10$lNs8PW2a8V9ZQP0mJKw9XeBDsSrImRs/ZSxohLpFua4eg4dYwzZva', 'kteazee5@wsj.com', '3864648394', 1, 0, 'Ms'),
(511, 10, 'mfredee6', 'Miguel', 'Frede', '$2b$10$lNs8PW2a8V9ZQP0mJKw9XeBDsSrImRs/ZSxohLpFua4eg4dYwzZva', 'mfredee6@wordpress.com', '4786900079', 1, 0, 'Ms'),
(512, 12, 'hkiessele7', 'Harwell', 'Kiessel', '$2b$10$lNs8PW2a8V9ZQP0mJKw9XeBDsSrImRs/ZSxohLpFua4eg4dYwzZva', 'hkiessele7@zdnet.com', '7363228795', 1, 0, 'Ms'),
(513, 10, 'lfeddere8', 'Laurel', 'Fedder', '$2b$10$lNs8PW2a8V9ZQP0mJKw9XeBDsSrImRs/ZSxohLpFua4eg4dYwzZva', 'lfeddere8@un.org', '7760615434', 1, 0, 'Ms'),
(514, 9, 'ikelbye9', 'Isadora', 'Kelby', '$2b$10$lNs8PW2a8V9ZQP0mJKw9XeBDsSrImRs/ZSxohLpFua4eg4dYwzZva', 'ikelbye9@amazon.de', '1923333720', 1, 0, 'Ms'),
(515, 9, 'btrevorrowea', 'Bryanty', 'Trevorrow', '$2b$10$lNs8PW2a8V9ZQP0mJKw9XeBDsSrImRs/ZSxohLpFua4eg4dYwzZva', 'btrevorrowea@sakura.ne.jp', '2897161027', 1, 0, 'Ms'),
(516, 10, 'rpitsalleb', 'Rori', 'Pitsall', '$2b$10$lNs8PW2a8V9ZQP0mJKw9XeBDsSrImRs/ZSxohLpFua4eg4dYwzZva', 'rpitsalleb@paginegialle.it', '1826324046', 1, 0, 'Ms'),
(517, 11, 'cshilstoneec', 'Clifford', 'Shilstone', '$2b$10$lNs8PW2a8V9ZQP0mJKw9XeBDsSrImRs/ZSxohLpFua4eg4dYwzZva', 'cshilstoneec@google.com.au', '5630262661', 1, 0, 'Ms'),
(518, 10, 'amcerlaineed', 'Agnese', 'McErlaine', '$2b$10$lNs8PW2a8V9ZQP0mJKw9XeBDsSrImRs/ZSxohLpFua4eg4dYwzZva', 'amcerlaineed@foxnews.com', '6349191811', 1, 0, 'Ms'),
(519, 9, 'tbiermatowiczee', 'Tanitansy', 'Biermatowicz', '$2b$10$lNs8PW2a8V9ZQP0mJKw9XeBDsSrImRs/ZSxohLpFua4eg4dYwzZva', 'tbiermatowiczee@de.vu', '6340309852', 1, 0, 'Ms'),
(520, 12, 'jslyef', 'Jan', 'Sly', '$2b$10$lNs8PW2a8V9ZQP0mJKw9XeBDsSrImRs/ZSxohLpFua4eg4dYwzZva', 'jslyef@bloglines.com', '7876666450', 1, 0, 'Ms'),
(521, 8, 'bayarseg', 'Barnie', 'Ayars', '$2b$10$lNs8PW2a8V9ZQP0mJKw9XeBDsSrImRs/ZSxohLpFua4eg4dYwzZva', 'bayarseg@businesswire.com', '6980471635', 1, 0, 'Ms'),
(522, 10, 'rliggonseh', 'Ringo', 'Liggons', '$2b$10$lNs8PW2a8V9ZQP0mJKw9XeBDsSrImRs/ZSxohLpFua4eg4dYwzZva', 'rliggonseh@stanford.edu', '0965439739', 1, 0, 'Ms'),
(523, 11, 'cangricei', 'Cullen', 'Angric', '$2b$10$lNs8PW2a8V9ZQP0mJKw9XeBDsSrImRs/ZSxohLpFua4eg4dYwzZva', 'cangricei@virginia.edu', '7851385822', 1, 0, 'Ms'),
(524, 10, 'vlabastidaej', 'Viv', 'LaBastida', '$2b$10$lNs8PW2a8V9ZQP0mJKw9XeBDsSrImRs/ZSxohLpFua4eg4dYwzZva', 'vlabastidaej@princeton.edu', '3512307795', 1, 0, 'Ms'),
(525, 9, 'gandrenek', 'Gerardo', 'Andren', '$2b$10$lNs8PW2a8V9ZQP0mJKw9XeBDsSrImRs/ZSxohLpFua4eg4dYwzZva', 'gandrenek@elegantthemes.com', '3027186264', 1, 0, 'Ms'),
(526, 8, 'sthemlel', 'Shane', 'Theml', '$2b$10$lNs8PW2a8V9ZQP0mJKw9XeBDsSrImRs/ZSxohLpFua4eg4dYwzZva', 'sthemlel@homestead.com', '8207251077', 1, 0, 'Ms'),
(527, 11, 'kharnettyem', 'Kerwin', 'Harnetty', '$2b$10$lNs8PW2a8V9ZQP0mJKw9XeBDsSrImRs/ZSxohLpFua4eg4dYwzZva', 'kharnettyem@wikipedia.org', '6308992569', 1, 0, 'Ms'),
(528, 10, 'atrebyen', 'Ado', 'Treby', '$2b$10$lNs8PW2a8V9ZQP0mJKw9XeBDsSrImRs/ZSxohLpFua4eg4dYwzZva', 'atrebyen@mac.com', '0483735752', 1, 0, 'Ms'),
(529, 10, 'nhrinchenkoeo', 'Nil', 'Hrinchenko', '$2b$10$lNs8PW2a8V9ZQP0mJKw9XeBDsSrImRs/ZSxohLpFua4eg4dYwzZva', 'nhrinchenkoeo@vimeo.com', '6890860845', 1, 0, 'Ms'),
(530, 9, 'malexanderssonep', 'Murdock', 'Alexandersson', '$2b$10$lNs8PW2a8V9ZQP0mJKw9XeBDsSrImRs/ZSxohLpFua4eg4dYwzZva', 'malexanderssonep@mac.com', '0888398530', 1, 0, 'Ms'),
(531, 8, 'fhargesseq', 'Filippo', 'Hargess', '$2b$10$lNs8PW2a8V9ZQP0mJKw9XeBDsSrImRs/ZSxohLpFua4eg4dYwzZva', 'fhargesseq@blogs.com', '8627539057', 1, 0, 'Ms'),
(532, 11, 'bbrabbinser', 'Bent', 'Brabbins', '$2b$10$lNs8PW2a8V9ZQP0mJKw9XeBDsSrImRs/ZSxohLpFua4eg4dYwzZva', 'bbrabbinser@irs.gov', '3288629445', 1, 0, 'Ms'),
(533, 12, 'ntaintones', 'Nathanial', 'Tainton', '$2b$10$lNs8PW2a8V9ZQP0mJKw9XeBDsSrImRs/ZSxohLpFua4eg4dYwzZva', 'ntaintones@cornell.edu', '6229121166', 1, 0, 'Ms'),
(534, 12, 'bchallenoret', 'Brenda', 'Challenor', '$2b$10$lNs8PW2a8V9ZQP0mJKw9XeBDsSrImRs/ZSxohLpFua4eg4dYwzZva', 'bchallenoret@miibeian.gov.cn', '0043059767', 1, 0, 'Ms'),
(535, 9, 'atookeeu', 'Ailsun', 'Tooke', '$2b$10$lNs8PW2a8V9ZQP0mJKw9XeBDsSrImRs/ZSxohLpFua4eg4dYwzZva', 'atookeeu@businessinsider.com', '7981676541', 1, 0, 'Ms'),
(536, 12, 'cmanilowev', 'Cyrille', 'Manilow', '$2b$10$lNs8PW2a8V9ZQP0mJKw9XeBDsSrImRs/ZSxohLpFua4eg4dYwzZva', 'cmanilowev@noaa.gov', '5116726908', 1, 0, 'Ms'),
(537, 10, 'schadwinew', 'Sauncho', 'Chadwin', '$2b$10$lNs8PW2a8V9ZQP0mJKw9XeBDsSrImRs/ZSxohLpFua4eg4dYwzZva', 'schadwinew@privacy.gov.au', '4154072129', 1, 0, 'Ms'),
(538, 12, 'iadamowitzex', 'Irita', 'Adamowitz', '$2b$10$lNs8PW2a8V9ZQP0mJKw9XeBDsSrImRs/ZSxohLpFua4eg4dYwzZva', 'iadamowitzex@mit.edu', '8553407934', 1, 0, 'Ms'),
(539, 10, 'tmaclleeseey', 'Tymon', 'MacLleese', '$2b$10$lNs8PW2a8V9ZQP0mJKw9XeBDsSrImRs/ZSxohLpFua4eg4dYwzZva', 'tmaclleeseey@etsy.com', '9890170825', 1, 0, 'Ms'),
(540, 11, 'cfakeleyez', 'Callie', 'Fakeley', '$2b$10$lNs8PW2a8V9ZQP0mJKw9XeBDsSrImRs/ZSxohLpFua4eg4dYwzZva', 'cfakeleyez@tamu.edu', '5847167210', 1, 0, 'Ms'),
(541, 11, 'gmccannyf0', 'Georgeanna', 'McCanny', '$2b$10$lNs8PW2a8V9ZQP0mJKw9XeBDsSrImRs/ZSxohLpFua4eg4dYwzZva', 'gmccannyf0@aol.com', '1515549240', 1, 0, 'Ms'),
(542, 8, 'ereedersf1', 'Eliza', 'Reeders', '$2b$10$lNs8PW2a8V9ZQP0mJKw9XeBDsSrImRs/ZSxohLpFua4eg4dYwzZva', 'ereedersf1@altervista.org', '0726115312', 1, 0, 'Ms'),
(543, 12, 'bbehneckef2', 'Bailie', 'Behnecke', '$2b$10$lNs8PW2a8V9ZQP0mJKw9XeBDsSrImRs/ZSxohLpFua4eg4dYwzZva', 'bbehneckef2@imageshack.us', '9186459597', 1, 0, 'Ms'),
(544, 12, 'cabbotf3', 'Cullen', 'Abbot', '$2b$10$lNs8PW2a8V9ZQP0mJKw9XeBDsSrImRs/ZSxohLpFua4eg4dYwzZva', 'cabbotf3@bravesites.com', '0345705858', 1, 0, 'Ms'),
(545, 9, 'wmcguckenf4', 'Whit', 'McGucken', '$2b$10$lNs8PW2a8V9ZQP0mJKw9XeBDsSrImRs/ZSxohLpFua4eg4dYwzZva', 'wmcguckenf4@vistaprint.com', '4053983177', 1, 0, 'Ms'),
(546, 12, 'speddenf5', 'Sherline', 'Pedden', '$2b$10$lNs8PW2a8V9ZQP0mJKw9XeBDsSrImRs/ZSxohLpFua4eg4dYwzZva', 'speddenf5@barnesandnoble.com', '2117316565', 1, 0, 'Ms'),
(547, 10, 'msuddickf6', 'Myrna', 'Suddick', '$2b$10$lNs8PW2a8V9ZQP0mJKw9XeBDsSrImRs/ZSxohLpFua4eg4dYwzZva', 'msuddickf6@amazon.com', '7682713259', 1, 0, 'Ms'),
(548, 9, 'jgathercoalf7', 'Joannes', 'Gathercoal', '$2b$10$lNs8PW2a8V9ZQP0mJKw9XeBDsSrImRs/ZSxohLpFua4eg4dYwzZva', 'jgathercoalf7@theatlantic.com', '6392535780', 1, 0, 'Ms'),
(549, 8, 'olythgoef8', 'Onfroi', 'Lythgoe', '$2b$10$lNs8PW2a8V9ZQP0mJKw9XeBDsSrImRs/ZSxohLpFua4eg4dYwzZva', 'olythgoef8@last.fm', '1043501754', 1, 0, 'Ms'),
(550, 8, 'fsparshettf9', 'Fredia', 'Sparshett', '$2b$10$lNs8PW2a8V9ZQP0mJKw9XeBDsSrImRs/ZSxohLpFua4eg4dYwzZva', 'fsparshettf9@edublogs.org', '5225783066', 1, 0, 'Ms'),
(551, 12, 'ekennyfa', 'Ezri', 'Kenny', '$2b$10$lNs8PW2a8V9ZQP0mJKw9XeBDsSrImRs/ZSxohLpFua4eg4dYwzZva', 'ekennyfa@smh.com.au', '8517683099', 1, 0, 'Ms'),
(552, 9, 'asavillefb', 'Ashil', 'Saville', '$2b$10$lNs8PW2a8V9ZQP0mJKw9XeBDsSrImRs/ZSxohLpFua4eg4dYwzZva', 'asavillefb@networkadvertising.org', '5632093115', 1, 0, 'Ms'),
(553, 10, 'eprattonfc', 'Ealasaid', 'Pratton', '$2b$10$lNs8PW2a8V9ZQP0mJKw9XeBDsSrImRs/ZSxohLpFua4eg4dYwzZva', 'eprattonfc@exblog.jp', '4068943478', 1, 0, 'Ms'),
(554, 11, 'frihanekfd', 'Filmer', 'Rihanek', '$2b$10$lNs8PW2a8V9ZQP0mJKw9XeBDsSrImRs/ZSxohLpFua4eg4dYwzZva', 'frihanekfd@paypal.com', '8616481494', 1, 0, 'Ms'),
(555, 8, 'jberife', 'Joey', 'Beri', '$2b$10$lNs8PW2a8V9ZQP0mJKw9XeBDsSrImRs/ZSxohLpFua4eg4dYwzZva', 'jberife@quantcast.com', '7224162566', 1, 0, 'Ms'),
(556, 10, 'jpetcheff', 'Jenni', 'Petche', '$2b$10$lNs8PW2a8V9ZQP0mJKw9XeBDsSrImRs/ZSxohLpFua4eg4dYwzZva', 'jpetcheff@eventbrite.com', '1389580113', 1, 0, 'Ms'),
(557, 9, 'apetrfg', 'Ashia', 'Petr', '$2b$10$lNs8PW2a8V9ZQP0mJKw9XeBDsSrImRs/ZSxohLpFua4eg4dYwzZva', 'apetrfg@phoca.cz', '4067423918', 1, 0, 'Ms'),
(558, 12, 'browswellfh', 'Barret', 'Rowswell', '$2b$10$lNs8PW2a8V9ZQP0mJKw9XeBDsSrImRs/ZSxohLpFua4eg4dYwzZva', 'browswellfh@biblegateway.com', '8871984560', 1, 0, 'Ms'),
(559, 8, 'hmeasenfi', 'Herminia', 'Measen', '$2b$10$lNs8PW2a8V9ZQP0mJKw9XeBDsSrImRs/ZSxohLpFua4eg4dYwzZva', 'hmeasenfi@acquirethisname.com', '9687832711', 1, 0, 'Ms'),
(560, 9, 'kbrittlesfj', 'Kanya', 'Brittles', '$2b$10$lNs8PW2a8V9ZQP0mJKw9XeBDsSrImRs/ZSxohLpFua4eg4dYwzZva', 'kbrittlesfj@arstechnica.com', '5533669302', 1, 0, 'Ms'),
(561, 12, 'dhellikerfk', 'Denise', 'Helliker', '$2b$10$lNs8PW2a8V9ZQP0mJKw9XeBDsSrImRs/ZSxohLpFua4eg4dYwzZva', 'dhellikerfk@linkedin.com', '8806543784', 1, 0, 'Ms'),
(562, 9, 'sjouanotfl', 'Sonya', 'Jouanot', '$2b$10$lNs8PW2a8V9ZQP0mJKw9XeBDsSrImRs/ZSxohLpFua4eg4dYwzZva', 'sjouanotfl@rambler.ru', '1027569978', 1, 0, 'Ms'),
(563, 8, 'rdenefm', 'Robbi', 'Dene', '$2b$10$lNs8PW2a8V9ZQP0mJKw9XeBDsSrImRs/ZSxohLpFua4eg4dYwzZva', 'rdenefm@baidu.com', '3658371218', 1, 0, 'Ms'),
(564, 8, 'ppretofn', 'Page', 'Preto', '$2b$10$lNs8PW2a8V9ZQP0mJKw9XeBDsSrImRs/ZSxohLpFua4eg4dYwzZva', 'ppretofn@mediafire.com', '2025285019', 1, 0, 'Ms'),
(565, 10, 'mfliegfo', 'Margalo', 'Flieg', '$2b$10$lNs8PW2a8V9ZQP0mJKw9XeBDsSrImRs/ZSxohLpFua4eg4dYwzZva', 'mfliegfo@blogs.com', '4494674648', 1, 0, 'Ms'),
(566, 12, 'apowdrillfp', 'Anderea', 'Powdrill', '$2b$10$lNs8PW2a8V9ZQP0mJKw9XeBDsSrImRs/ZSxohLpFua4eg4dYwzZva', 'apowdrillfp@prweb.com', '0334264448', 1, 0, 'Ms'),
(567, 11, 'ckillingbeckfq', 'Clementina', 'Killingbeck', '$2b$10$lNs8PW2a8V9ZQP0mJKw9XeBDsSrImRs/ZSxohLpFua4eg4dYwzZva', 'ckillingbeckfq@apple.com', '9546854700', 1, 0, 'Ms'),
(568, 11, 'dbauducciofr', 'Desdemona', 'Bauduccio', '$2b$10$lNs8PW2a8V9ZQP0mJKw9XeBDsSrImRs/ZSxohLpFua4eg4dYwzZva', 'dbauducciofr@geocities.com', '6873711748', 1, 0, 'Ms'),
(569, 10, 'bcopemanfs', 'Benni', 'Copeman', '$2b$10$lNs8PW2a8V9ZQP0mJKw9XeBDsSrImRs/ZSxohLpFua4eg4dYwzZva', 'bcopemanfs@jimdo.com', '0724651063', 1, 0, 'Ms'),
(570, 12, 'wdollft', 'Winslow', 'Doll', '$2b$10$lNs8PW2a8V9ZQP0mJKw9XeBDsSrImRs/ZSxohLpFua4eg4dYwzZva', 'wdollft@yahoo.co.jp', '6849829254', 1, 0, 'Ms'),
(571, 10, 'mmacquarriefu', 'Morissa', 'MacQuarrie', '$2b$10$lNs8PW2a8V9ZQP0mJKw9XeBDsSrImRs/ZSxohLpFua4eg4dYwzZva', 'mmacquarriefu@kickstarter.com', '2815730782', 1, 0, 'Ms'),
(572, 12, 'ggodbertfv', 'Germain', 'Godbert', '$2b$10$lNs8PW2a8V9ZQP0mJKw9XeBDsSrImRs/ZSxohLpFua4eg4dYwzZva', 'ggodbertfv@deliciousdays.com', '7804691394', 1, 0, 'Ms'),
(573, 10, 'jmorinfw', 'Jamie', 'Morin', '$2b$10$lNs8PW2a8V9ZQP0mJKw9XeBDsSrImRs/ZSxohLpFua4eg4dYwzZva', 'jmorinfw@illinois.edu', '4129903985', 1, 0, 'Ms'),
(574, 12, 'ekidmanfx', 'Edgard', 'Kidman', '$2b$10$lNs8PW2a8V9ZQP0mJKw9XeBDsSrImRs/ZSxohLpFua4eg4dYwzZva', 'ekidmanfx@salon.com', '1581340192', 1, 0, 'Ms'),
(575, 11, 'planmeidfy', 'Penelope', 'Lanmeid', '$2b$10$lNs8PW2a8V9ZQP0mJKw9XeBDsSrImRs/ZSxohLpFua4eg4dYwzZva', 'planmeidfy@netlog.com', '9029729120', 1, 0, 'Ms'),
(576, 11, 'bbacksfz', 'Bat', 'Backs', '$2b$10$lNs8PW2a8V9ZQP0mJKw9XeBDsSrImRs/ZSxohLpFua4eg4dYwzZva', 'bbacksfz@apple.com', '0946495696', 1, 0, 'Ms'),
(577, 11, 'smckeag0', 'Spencer', 'McKea', '$2b$10$lNs8PW2a8V9ZQP0mJKw9XeBDsSrImRs/ZSxohLpFua4eg4dYwzZva', 'smckeag0@bravesites.com', '1978784104', 1, 0, 'Ms'),
(578, 8, 'hcraigieg1', 'Hailee', 'Craigie', '$2b$10$lNs8PW2a8V9ZQP0mJKw9XeBDsSrImRs/ZSxohLpFua4eg4dYwzZva', 'hcraigieg1@vkontakte.ru', '4405473978', 1, 0, 'Ms'),
(579, 10, 'mroubeixg2', 'Merrill', 'Roubeix', '$2b$10$lNs8PW2a8V9ZQP0mJKw9XeBDsSrImRs/ZSxohLpFua4eg4dYwzZva', 'mroubeixg2@webs.com', '8347149321', 1, 0, 'Ms'),
(580, 11, 'newang3', 'Nina', 'Ewan', '$2b$10$lNs8PW2a8V9ZQP0mJKw9XeBDsSrImRs/ZSxohLpFua4eg4dYwzZva', 'newang3@washingtonpost.com', '1192234790', 1, 0, 'Ms'),
(581, 12, 'gpracyg4', 'Godfree', 'Pracy', '$2b$10$lNs8PW2a8V9ZQP0mJKw9XeBDsSrImRs/ZSxohLpFua4eg4dYwzZva', 'gpracyg4@g.co', '9698326421', 1, 0, 'Ms'),
(582, 11, 'alyleg5', 'Aloisia', 'Lyle', '$2b$10$lNs8PW2a8V9ZQP0mJKw9XeBDsSrImRs/ZSxohLpFua4eg4dYwzZva', 'alyleg5@linkedin.com', '5749363929', 1, 0, 'Ms'),
(583, 9, 'jflowersg6', 'Juliana', 'Flowers', '$2b$10$lNs8PW2a8V9ZQP0mJKw9XeBDsSrImRs/ZSxohLpFua4eg4dYwzZva', 'jflowersg6@deliciousdays.com', '1457638002', 1, 0, 'Ms'),
(584, 11, 'atreesg7', 'Aloysius', 'Trees', '$2b$10$lNs8PW2a8V9ZQP0mJKw9XeBDsSrImRs/ZSxohLpFua4eg4dYwzZva', 'atreesg7@ibm.com', '2525270479', 1, 0, 'Ms'),
(585, 9, 'ningremg8', 'Nonie', 'Ingrem', '$2b$10$lNs8PW2a8V9ZQP0mJKw9XeBDsSrImRs/ZSxohLpFua4eg4dYwzZva', 'ningremg8@vistaprint.com', '6448952373', 1, 0, 'Ms'),
(586, 8, 'hcasselsg9', 'Hanny', 'Cassels', '$2b$10$lNs8PW2a8V9ZQP0mJKw9XeBDsSrImRs/ZSxohLpFua4eg4dYwzZva', 'hcasselsg9@istockphoto.com', '7487399818', 1, 0, 'Ms'),
(587, 10, 'cwranklingga', 'Conant', 'Wrankling', '$2b$10$lNs8PW2a8V9ZQP0mJKw9XeBDsSrImRs/ZSxohLpFua4eg4dYwzZva', 'cwranklingga@etsy.com', '1274277337', 1, 0, 'Ms'),
(588, 9, 'erickersygb', 'Elladine', 'Rickersy', '$2b$10$lNs8PW2a8V9ZQP0mJKw9XeBDsSrImRs/ZSxohLpFua4eg4dYwzZva', 'erickersygb@buzzfeed.com', '8139066605', 1, 0, 'Ms'),
(589, 10, 'lmarusicgc', 'Lewes', 'Marusic', '$2b$10$lNs8PW2a8V9ZQP0mJKw9XeBDsSrImRs/ZSxohLpFua4eg4dYwzZva', 'lmarusicgc@a8.net', '3717148583', 1, 0, 'Ms'),
(590, 12, 'tcoulbeckgd', 'Tiffie', 'Coulbeck', '$2b$10$lNs8PW2a8V9ZQP0mJKw9XeBDsSrImRs/ZSxohLpFua4eg4dYwzZva', 'tcoulbeckgd@usatoday.com', '9169663726', 1, 0, 'Ms'),
(591, 8, 'wgierkege', 'Westleigh', 'Gierke', '$2b$10$lNs8PW2a8V9ZQP0mJKw9XeBDsSrImRs/ZSxohLpFua4eg4dYwzZva', 'wgierkege@squidoo.com', '0372631479', 1, 0, 'Ms'),
(592, 8, 'lstarbuckgf', 'Lisabeth', 'Starbuck', '$2b$10$lNs8PW2a8V9ZQP0mJKw9XeBDsSrImRs/ZSxohLpFua4eg4dYwzZva', 'lstarbuckgf@tiny.cc', '4014780511', 1, 0, 'Ms'),
(593, 12, 'atomkysgg', 'Adriano', 'Tomkys', '$2b$10$lNs8PW2a8V9ZQP0mJKw9XeBDsSrImRs/ZSxohLpFua4eg4dYwzZva', 'atomkysgg@cbc.ca', '4380137597', 1, 0, 'Ms'),
(594, 9, 'abrickseygh', 'Axe', 'Bricksey', '$2b$10$lNs8PW2a8V9ZQP0mJKw9XeBDsSrImRs/ZSxohLpFua4eg4dYwzZva', 'abrickseygh@mayoclinic.com', '2150874571', 1, 0, 'Ms'),
(595, 12, 'lsamudiogi', 'Luther', 'Samudio', '$2b$10$lNs8PW2a8V9ZQP0mJKw9XeBDsSrImRs/ZSxohLpFua4eg4dYwzZva', 'lsamudiogi@nifty.com', '2999182333', 1, 0, 'Ms'),
(596, 9, 'lbaldigj', 'Lindsay', 'Baldi', '$2b$10$lNs8PW2a8V9ZQP0mJKw9XeBDsSrImRs/ZSxohLpFua4eg4dYwzZva', 'lbaldigj@house.gov', '5190335089', 1, 0, 'Ms'),
(597, 10, 'jbourcqgk', 'Jammal', 'Bourcq', '$2b$10$lNs8PW2a8V9ZQP0mJKw9XeBDsSrImRs/ZSxohLpFua4eg4dYwzZva', 'jbourcqgk@sakura.ne.jp', '8530146972', 1, 0, 'Ms'),
(598, 12, 'wdalleygl', 'Web', 'Dalley', '$2b$10$lNs8PW2a8V9ZQP0mJKw9XeBDsSrImRs/ZSxohLpFua4eg4dYwzZva', 'wdalleygl@weather.com', '8142592894', 1, 0, 'Ms'),
(599, 9, 'cshillitoegm', 'Charlot', 'Shillitoe', '$2b$10$lNs8PW2a8V9ZQP0mJKw9XeBDsSrImRs/ZSxohLpFua4eg4dYwzZva', 'cshillitoegm@spotify.com', '7125578772', 1, 0, 'Ms'),
(600, 10, 'rrodwellgn', 'Roze', 'Rodwell', '$2b$10$lNs8PW2a8V9ZQP0mJKw9XeBDsSrImRs/ZSxohLpFua4eg4dYwzZva', 'rrodwellgn@time.com', '6805340837', 1, 0, 'Ms'),
(601, 12, 'tpowego', 'Tommie', 'Powe', '$2b$10$lNs8PW2a8V9ZQP0mJKw9XeBDsSrImRs/ZSxohLpFua4eg4dYwzZva', 'tpowego@scientificamerican.com', '2418709957', 1, 0, 'Ms'),
(602, 8, 'zalburygp', 'Zared', 'Albury', '$2b$10$lNs8PW2a8V9ZQP0mJKw9XeBDsSrImRs/ZSxohLpFua4eg4dYwzZva', 'zalburygp@va.gov', '9415093153', 1, 0, 'Ms'),
(603, 12, 'oomearagq', 'Orton', 'O\' Meara', '$2b$10$lNs8PW2a8V9ZQP0mJKw9XeBDsSrImRs/ZSxohLpFua4eg4dYwzZva', 'oomearagq@tiny.cc', '1898792755', 1, 0, 'Ms'),
(604, 11, 'mdewberrygr', 'Madeline', 'Dewberry', '$2b$10$lNs8PW2a8V9ZQP0mJKw9XeBDsSrImRs/ZSxohLpFua4eg4dYwzZva', 'mdewberrygr@kickstarter.com', '9215754458', 1, 0, 'Ms'),
(605, 11, 'sbradergs', 'Sallyanne', 'Brader', '$2b$10$lNs8PW2a8V9ZQP0mJKw9XeBDsSrImRs/ZSxohLpFua4eg4dYwzZva', 'sbradergs@weather.com', '3823230719', 1, 0, 'Ms'),
(606, 8, 'jlanceleygt', 'Jeremy', 'Lanceley', '$2b$10$lNs8PW2a8V9ZQP0mJKw9XeBDsSrImRs/ZSxohLpFua4eg4dYwzZva', 'jlanceleygt@washington.edu', '0892138300', 1, 0, 'Ms'),
(607, 11, 'pquinetgu', 'Pier', 'Quinet', '$2b$10$lNs8PW2a8V9ZQP0mJKw9XeBDsSrImRs/ZSxohLpFua4eg4dYwzZva', 'pquinetgu@theguardian.com', '1619771217', 1, 0, 'Ms'),
(608, 8, 'dleblancgv', 'Dorotea', 'Le Blanc', '$2b$10$lNs8PW2a8V9ZQP0mJKw9XeBDsSrImRs/ZSxohLpFua4eg4dYwzZva', 'dleblancgv@com.com', '8090885098', 1, 0, 'Ms'),
(609, 9, 'raickingw', 'Reinhard', 'Aickin', '$2b$10$lNs8PW2a8V9ZQP0mJKw9XeBDsSrImRs/ZSxohLpFua4eg4dYwzZva', 'raickingw@netscape.com', '1256844187', 1, 0, 'Ms'),
(610, 12, 'erediersgx', 'Erika', 'Rediers', '$2b$10$lNs8PW2a8V9ZQP0mJKw9XeBDsSrImRs/ZSxohLpFua4eg4dYwzZva', 'erediersgx@umn.edu', '5159684751', 1, 0, 'Ms'),
(611, 12, 'crowaszkiewiczgy', 'Cob', 'Rowaszkiewicz', '$2b$10$lNs8PW2a8V9ZQP0mJKw9XeBDsSrImRs/ZSxohLpFua4eg4dYwzZva', 'crowaszkiewiczgy@reddit.com', '4818410837', 1, 0, 'Ms'),
(612, 10, 'sputtnamgz', 'Stanfield', 'Puttnam', '$2b$10$lNs8PW2a8V9ZQP0mJKw9XeBDsSrImRs/ZSxohLpFua4eg4dYwzZva', 'sputtnamgz@163.com', '3248754362', 1, 0, 'Ms'),
(613, 10, 'lalleryh0', 'Lidia', 'Allery', '$2b$10$lNs8PW2a8V9ZQP0mJKw9XeBDsSrImRs/ZSxohLpFua4eg4dYwzZva', 'lalleryh0@fda.gov', '3106776412', 1, 0, 'Ms'),
(614, 8, 'tswinfenh1', 'Timmy', 'Swinfen', '$2b$10$lNs8PW2a8V9ZQP0mJKw9XeBDsSrImRs/ZSxohLpFua4eg4dYwzZva', 'tswinfenh1@omniture.com', '9797089606', 1, 0, 'Ms'),
(615, 10, 'fdelahuntyh2', 'Fredra', 'Delahunty', '$2b$10$lNs8PW2a8V9ZQP0mJKw9XeBDsSrImRs/ZSxohLpFua4eg4dYwzZva', 'fdelahuntyh2@redcross.org', '0117547743', 1, 0, 'Ms'),
(616, 9, 'gmoldenh3', 'Gan', 'Molden', '$2b$10$lNs8PW2a8V9ZQP0mJKw9XeBDsSrImRs/ZSxohLpFua4eg4dYwzZva', 'gmoldenh3@google.cn', '6329242593', 1, 0, 'Ms'),
(617, 8, 'edjokovich4', 'Eliot', 'Djokovic', '$2b$10$lNs8PW2a8V9ZQP0mJKw9XeBDsSrImRs/ZSxohLpFua4eg4dYwzZva', 'edjokovich4@fotki.com', '1483062538', 1, 0, 'Ms'),
(618, 11, 'egrinawayh5', 'Emmie', 'Grinaway', '$2b$10$lNs8PW2a8V9ZQP0mJKw9XeBDsSrImRs/ZSxohLpFua4eg4dYwzZva', 'egrinawayh5@wikispaces.com', '2257748972', 1, 0, 'Ms'),
(619, 9, 'htomowiczh6', 'Hill', 'Tomowicz', '$2b$10$lNs8PW2a8V9ZQP0mJKw9XeBDsSrImRs/ZSxohLpFua4eg4dYwzZva', 'htomowiczh6@elegantthemes.com', '4018810423', 1, 0, 'Ms'),
(620, 12, 'agallandersh7', 'Aliza', 'Gallanders', '$2b$10$lNs8PW2a8V9ZQP0mJKw9XeBDsSrImRs/ZSxohLpFua4eg4dYwzZva', 'agallandersh7@facebook.com', '2397690632', 1, 0, 'Ms'),
(621, 10, 'arosenkranch8', 'Aylmer', 'Rosenkranc', '$2b$10$lNs8PW2a8V9ZQP0mJKw9XeBDsSrImRs/ZSxohLpFua4eg4dYwzZva', 'arosenkranch8@vimeo.com', '1588920003', 1, 0, 'Ms'),
(622, 12, 'mberardth9', 'Melita', 'Berardt', '$2b$10$lNs8PW2a8V9ZQP0mJKw9XeBDsSrImRs/ZSxohLpFua4eg4dYwzZva', 'mberardth9@boston.com', '5011803279', 1, 0, 'Ms'),
(623, 12, 'wnorcuttha', 'Willabella', 'Norcutt', '$2b$10$lNs8PW2a8V9ZQP0mJKw9XeBDsSrImRs/ZSxohLpFua4eg4dYwzZva', 'wnorcuttha@arizona.edu', '3313076122', 1, 0, 'Ms'),
(624, 10, 'chaysomhb', 'Cull', 'Haysom', '$2b$10$lNs8PW2a8V9ZQP0mJKw9XeBDsSrImRs/ZSxohLpFua4eg4dYwzZva', 'chaysomhb@pagesperso-orange.fr', '1203592019', 1, 0, 'Ms');
INSERT INTO `student` (`id`, `grade_id`, `username`, `name`, `surname`, `password`, `email`, `id_number`, `active`, `rank`, `title`) VALUES
(625, 8, 'aslogrovehc', 'Adria', 'Slogrove', '$2b$10$lNs8PW2a8V9ZQP0mJKw9XeBDsSrImRs/ZSxohLpFua4eg4dYwzZva', 'aslogrovehc@blogger.com', '1279344695', 1, 0, 'Ms'),
(626, 8, 'mmalyanhd', 'Malva', 'Malyan', '$2b$10$lNs8PW2a8V9ZQP0mJKw9XeBDsSrImRs/ZSxohLpFua4eg4dYwzZva', 'mmalyanhd@t.co', '6976310924', 1, 0, 'Ms'),
(627, 9, 'nmavinhe', 'Nils', 'Mavin', '$2b$10$lNs8PW2a8V9ZQP0mJKw9XeBDsSrImRs/ZSxohLpFua4eg4dYwzZva', 'nmavinhe@nih.gov', '3188545959', 1, 0, 'Ms'),
(628, 12, 'gwinbornhf', 'Garrott', 'Winborn', '$2b$10$lNs8PW2a8V9ZQP0mJKw9XeBDsSrImRs/ZSxohLpFua4eg4dYwzZva', 'gwinbornhf@bandcamp.com', '5779721440', 1, 0, 'Ms'),
(629, 8, 'wdigancehg', 'Waylon', 'Digance', '$2b$10$lNs8PW2a8V9ZQP0mJKw9XeBDsSrImRs/ZSxohLpFua4eg4dYwzZva', 'wdigancehg@yahoo.com', '1885588313', 1, 0, 'Ms'),
(630, 11, 'astuckleyhh', 'Ali', 'Stuckley', '$2b$10$lNs8PW2a8V9ZQP0mJKw9XeBDsSrImRs/ZSxohLpFua4eg4dYwzZva', 'astuckleyhh@slashdot.org', '8555898986', 1, 0, 'Ms'),
(631, 11, 'tpoatehi', 'Tadd', 'Poate', '$2b$10$lNs8PW2a8V9ZQP0mJKw9XeBDsSrImRs/ZSxohLpFua4eg4dYwzZva', 'tpoatehi@prweb.com', '2206566575', 1, 0, 'Ms'),
(632, 9, 'vmcgauhyhj', 'Valaree', 'McGauhy', '$2b$10$lNs8PW2a8V9ZQP0mJKw9XeBDsSrImRs/ZSxohLpFua4eg4dYwzZva', 'vmcgauhyhj@flavors.me', '5189805816', 1, 0, 'Ms'),
(633, 11, 'bhubyhk', 'Berty', 'Huby', '$2b$10$lNs8PW2a8V9ZQP0mJKw9XeBDsSrImRs/ZSxohLpFua4eg4dYwzZva', 'bhubyhk@nhs.uk', '5543998678', 1, 0, 'Ms'),
(634, 11, 'wkidderhl', 'Willamina', 'Kidder', '$2b$10$lNs8PW2a8V9ZQP0mJKw9XeBDsSrImRs/ZSxohLpFua4eg4dYwzZva', 'wkidderhl@acquirethisname.com', '5607775305', 1, 0, 'Ms'),
(635, 12, 'mantonyhm', 'Merlina', 'Antony', '$2b$10$lNs8PW2a8V9ZQP0mJKw9XeBDsSrImRs/ZSxohLpFua4eg4dYwzZva', 'mantonyhm@list-manage.com', '3236183802', 1, 0, 'Ms'),
(636, 10, 'tmccarlehn', 'Tersina', 'McCarle', '$2b$10$lNs8PW2a8V9ZQP0mJKw9XeBDsSrImRs/ZSxohLpFua4eg4dYwzZva', 'tmccarlehn@vinaora.com', '6808355851', 1, 0, 'Ms'),
(637, 12, 'asterrieho', 'Aggi', 'Sterrie', '$2b$10$lNs8PW2a8V9ZQP0mJKw9XeBDsSrImRs/ZSxohLpFua4eg4dYwzZva', 'asterrieho@storify.com', '8450209684', 1, 0, 'Ms'),
(638, 9, 'ctuckwellhp', 'Cristin', 'Tuckwell', '$2b$10$lNs8PW2a8V9ZQP0mJKw9XeBDsSrImRs/ZSxohLpFua4eg4dYwzZva', 'ctuckwellhp@google.co.jp', '7859892375', 1, 0, 'Ms'),
(639, 9, 'edyballhq', 'Edith', 'Dyball', '$2b$10$lNs8PW2a8V9ZQP0mJKw9XeBDsSrImRs/ZSxohLpFua4eg4dYwzZva', 'edyballhq@fda.gov', '9045667487', 1, 0, 'Ms'),
(640, 8, 'reveristhr', 'Robinet', 'Everist', '$2b$10$lNs8PW2a8V9ZQP0mJKw9XeBDsSrImRs/ZSxohLpFua4eg4dYwzZva', 'reveristhr@ezinearticles.com', '4292783373', 1, 0, 'Ms'),
(641, 8, 'crobackhs', 'Colene', 'Roback', '$2b$10$lNs8PW2a8V9ZQP0mJKw9XeBDsSrImRs/ZSxohLpFua4eg4dYwzZva', 'crobackhs@wp.com', '0083952977', 1, 0, 'Ms'),
(642, 12, 'wgreensladeht', 'Webster', 'Greenslade', '$2b$10$lNs8PW2a8V9ZQP0mJKw9XeBDsSrImRs/ZSxohLpFua4eg4dYwzZva', 'wgreensladeht@springer.com', '8166673193', 1, 0, 'Ms'),
(643, 10, 'rbrumhu', 'Rice', 'Brum', '$2b$10$lNs8PW2a8V9ZQP0mJKw9XeBDsSrImRs/ZSxohLpFua4eg4dYwzZva', 'rbrumhu@icio.us', '6407284791', 1, 0, 'Ms'),
(644, 8, 'bnancarrowhv', 'Bernadina', 'Nan Carrow', '$2b$10$lNs8PW2a8V9ZQP0mJKw9XeBDsSrImRs/ZSxohLpFua4eg4dYwzZva', 'bnancarrowhv@narod.ru', '9760055333', 1, 0, 'Ms'),
(645, 10, 'ssimoneschihw', 'Staffard', 'Simoneschi', '$2b$10$lNs8PW2a8V9ZQP0mJKw9XeBDsSrImRs/ZSxohLpFua4eg4dYwzZva', 'ssimoneschihw@cisco.com', '1239089260', 1, 0, 'Ms'),
(646, 11, 'gassafhx', 'Georgine', 'Assaf', '$2b$10$lNs8PW2a8V9ZQP0mJKw9XeBDsSrImRs/ZSxohLpFua4eg4dYwzZva', 'gassafhx@google.cn', '5023880680', 1, 0, 'Ms'),
(647, 12, 'tgirodinhy', 'Terza', 'Girodin', '$2b$10$lNs8PW2a8V9ZQP0mJKw9XeBDsSrImRs/ZSxohLpFua4eg4dYwzZva', 'tgirodinhy@weebly.com', '0818148578', 1, 0, 'Ms'),
(648, 9, 'wmandreshz', 'Wait', 'Mandres', '$2b$10$lNs8PW2a8V9ZQP0mJKw9XeBDsSrImRs/ZSxohLpFua4eg4dYwzZva', 'wmandreshz@symantec.com', '0290368782', 1, 0, 'Ms'),
(649, 12, 'enorsteri0', 'Elijah', 'Norster', '$2b$10$lNs8PW2a8V9ZQP0mJKw9XeBDsSrImRs/ZSxohLpFua4eg4dYwzZva', 'enorsteri0@list-manage.com', '9589207782', 1, 0, 'Ms'),
(650, 8, 'fkrysztofowiczi1', 'Farrand', 'Krysztofowicz', '$2b$10$lNs8PW2a8V9ZQP0mJKw9XeBDsSrImRs/ZSxohLpFua4eg4dYwzZva', 'fkrysztofowiczi1@gmpg.org', '6168772502', 1, 0, 'Ms'),
(651, 12, 'ntrenamani2', 'Nerty', 'Trenaman', '$2b$10$lNs8PW2a8V9ZQP0mJKw9XeBDsSrImRs/ZSxohLpFua4eg4dYwzZva', 'ntrenamani2@pinterest.com', '2195528273', 1, 0, 'Ms'),
(652, 8, 'kmcgeei3', 'Krista', 'Mc Gee', '$2b$10$lNs8PW2a8V9ZQP0mJKw9XeBDsSrImRs/ZSxohLpFua4eg4dYwzZva', 'kmcgeei3@ocn.ne.jp', '9616371568', 1, 0, 'Ms'),
(653, 12, 'dgoneti4', 'Dallis', 'Gonet', '$2b$10$lNs8PW2a8V9ZQP0mJKw9XeBDsSrImRs/ZSxohLpFua4eg4dYwzZva', 'dgoneti4@example.com', '0613362640', 1, 0, 'Ms'),
(654, 10, 'mfrancisi5', 'Mei', 'Francis', '$2b$10$lNs8PW2a8V9ZQP0mJKw9XeBDsSrImRs/ZSxohLpFua4eg4dYwzZva', 'mfrancisi5@techcrunch.com', '5542793436', 1, 0, 'Ms'),
(655, 10, 'rstedmondi6', 'Roderich', 'Stedmond', '$2b$10$lNs8PW2a8V9ZQP0mJKw9XeBDsSrImRs/ZSxohLpFua4eg4dYwzZva', 'rstedmondi6@a8.net', '2951106971', 1, 0, 'Ms'),
(656, 9, 'ichaperlini7', 'Ileana', 'Chaperlin', '$2b$10$lNs8PW2a8V9ZQP0mJKw9XeBDsSrImRs/ZSxohLpFua4eg4dYwzZva', 'ichaperlini7@amazonaws.com', '7610283118', 1, 0, 'Ms'),
(657, 9, 'tivoshini8', 'Tomas', 'Ivoshin', '$2b$10$lNs8PW2a8V9ZQP0mJKw9XeBDsSrImRs/ZSxohLpFua4eg4dYwzZva', 'tivoshini8@w3.org', '8199085568', 1, 0, 'Ms'),
(658, 10, 'araltoni9', 'Aharon', 'Ralton', '$2b$10$lNs8PW2a8V9ZQP0mJKw9XeBDsSrImRs/ZSxohLpFua4eg4dYwzZva', 'araltoni9@slideshare.net', '1657759482', 1, 0, 'Ms'),
(659, 12, 'jhagerghamia', 'Janelle', 'Hagergham', '$2b$10$lNs8PW2a8V9ZQP0mJKw9XeBDsSrImRs/ZSxohLpFua4eg4dYwzZva', 'jhagerghamia@pen.io', '2923375912', 1, 0, 'Ms'),
(660, 10, 'cgoslandib', 'Charlene', 'Gosland', '$2b$10$lNs8PW2a8V9ZQP0mJKw9XeBDsSrImRs/ZSxohLpFua4eg4dYwzZva', 'cgoslandib@dedecms.com', '5228131655', 1, 0, 'Ms'),
(661, 8, 'nwanlessic', 'Noelle', 'Wanless', '$2b$10$lNs8PW2a8V9ZQP0mJKw9XeBDsSrImRs/ZSxohLpFua4eg4dYwzZva', 'nwanlessic@google.com.au', '1198159049', 1, 0, 'Ms'),
(662, 12, 'bkunzelmannid', 'Buffy', 'Kunzelmann', '$2b$10$lNs8PW2a8V9ZQP0mJKw9XeBDsSrImRs/ZSxohLpFua4eg4dYwzZva', 'bkunzelmannid@zimbio.com', '8490776687', 1, 0, 'Ms'),
(663, 8, 'rblaxallie', 'Roman', 'Blaxall', '$2b$10$lNs8PW2a8V9ZQP0mJKw9XeBDsSrImRs/ZSxohLpFua4eg4dYwzZva', 'rblaxallie@engadget.com', '0373287283', 1, 0, 'Ms'),
(664, 12, 'tdumphreyif', 'Tedd', 'Dumphrey', '$2b$10$lNs8PW2a8V9ZQP0mJKw9XeBDsSrImRs/ZSxohLpFua4eg4dYwzZva', 'tdumphreyif@sciencedaily.com', '0210585781', 1, 0, 'Ms'),
(665, 11, 'devittsig', 'Darius', 'Evitts', '$2b$10$lNs8PW2a8V9ZQP0mJKw9XeBDsSrImRs/ZSxohLpFua4eg4dYwzZva', 'devittsig@alibaba.com', '6632554709', 1, 0, 'Ms'),
(666, 10, 'kbirchenheadih', 'Katlin', 'Birchenhead', '$2b$10$lNs8PW2a8V9ZQP0mJKw9XeBDsSrImRs/ZSxohLpFua4eg4dYwzZva', 'kbirchenheadih@about.com', '7495209429', 1, 0, 'Ms'),
(667, 10, 'cmcchruiterii', 'Car', 'McChruiter', '$2b$10$lNs8PW2a8V9ZQP0mJKw9XeBDsSrImRs/ZSxohLpFua4eg4dYwzZva', 'cmcchruiterii@guardian.co.uk', '9045145235', 1, 0, 'Ms'),
(668, 9, 'catherleyij', 'Cynthy', 'Atherley', '$2b$10$lNs8PW2a8V9ZQP0mJKw9XeBDsSrImRs/ZSxohLpFua4eg4dYwzZva', 'catherleyij@amazon.com', '3568004364', 1, 0, 'Ms'),
(669, 11, 'rrabjohnsik', 'Rubi', 'Rabjohns', '$2b$10$lNs8PW2a8V9ZQP0mJKw9XeBDsSrImRs/ZSxohLpFua4eg4dYwzZva', 'rrabjohnsik@shop-pro.jp', '1668465582', 1, 0, 'Ms'),
(670, 8, 'gscrivenil', 'Gail', 'Scriven', '$2b$10$lNs8PW2a8V9ZQP0mJKw9XeBDsSrImRs/ZSxohLpFua4eg4dYwzZva', 'gscrivenil@time.com', '0126520380', 1, 0, 'Ms'),
(671, 12, 'ccaskeyim', 'Carissa', 'Caskey', '$2b$10$lNs8PW2a8V9ZQP0mJKw9XeBDsSrImRs/ZSxohLpFua4eg4dYwzZva', 'ccaskeyim@newyorker.com', '0285482955', 1, 0, 'Ms'),
(672, 9, 'dmilvertonin', 'Doro', 'Milverton', '$2b$10$lNs8PW2a8V9ZQP0mJKw9XeBDsSrImRs/ZSxohLpFua4eg4dYwzZva', 'dmilvertonin@surveymonkey.com', '1065661630', 1, 0, 'Ms'),
(673, 10, 'pbrigstockio', 'Perle', 'Brigstock', '$2b$10$lNs8PW2a8V9ZQP0mJKw9XeBDsSrImRs/ZSxohLpFua4eg4dYwzZva', 'pbrigstockio@meetup.com', '7406669488', 1, 0, 'Ms'),
(674, 10, 'twickersleyip', 'Tedda', 'Wickersley', '$2b$10$lNs8PW2a8V9ZQP0mJKw9XeBDsSrImRs/ZSxohLpFua4eg4dYwzZva', 'twickersleyip@discuz.net', '4959974230', 1, 0, 'Ms'),
(675, 11, 'gtredgoldiq', 'Gayler', 'Tredgold', '$2b$10$lNs8PW2a8V9ZQP0mJKw9XeBDsSrImRs/ZSxohLpFua4eg4dYwzZva', 'gtredgoldiq@deliciousdays.com', '7251604620', 1, 0, 'Ms'),
(676, 11, 'dpiperleyir', 'Daisie', 'Piperley', '$2b$10$lNs8PW2a8V9ZQP0mJKw9XeBDsSrImRs/ZSxohLpFua4eg4dYwzZva', 'dpiperleyir@thetimes.co.uk', '2517936153', 1, 0, 'Ms'),
(677, 9, 'wstovesis', 'Wallis', 'Stoves', '$2b$10$lNs8PW2a8V9ZQP0mJKw9XeBDsSrImRs/ZSxohLpFua4eg4dYwzZva', 'wstovesis@w3.org', '5610234492', 1, 0, 'Ms'),
(678, 9, 'kwissbeyit', 'Katrinka', 'Wissbey', '$2b$10$lNs8PW2a8V9ZQP0mJKw9XeBDsSrImRs/ZSxohLpFua4eg4dYwzZva', 'kwissbeyit@people.com.cn', '6508459147', 1, 0, 'Ms'),
(679, 10, 'eimortiu', 'Emmaline', 'Imort', '$2b$10$lNs8PW2a8V9ZQP0mJKw9XeBDsSrImRs/ZSxohLpFua4eg4dYwzZva', 'eimortiu@google.nl', '0366012746', 1, 0, 'Ms'),
(680, 10, 'htrusselliv', 'Hayden', 'Trussell', '$2b$10$lNs8PW2a8V9ZQP0mJKw9XeBDsSrImRs/ZSxohLpFua4eg4dYwzZva', 'htrusselliv@about.com', '7667803269', 1, 0, 'Ms'),
(681, 10, 'koppyiw', 'Kimmy', 'Oppy', '$2b$10$lNs8PW2a8V9ZQP0mJKw9XeBDsSrImRs/ZSxohLpFua4eg4dYwzZva', 'koppyiw@xing.com', '8172787413', 1, 0, 'Ms'),
(682, 10, 'dhowittix', 'Donetta', 'Howitt', '$2b$10$lNs8PW2a8V9ZQP0mJKw9XeBDsSrImRs/ZSxohLpFua4eg4dYwzZva', 'dhowittix@about.me', '2783658291', 1, 0, 'Ms'),
(683, 11, 'tsimoesiy', 'Tally', 'Simoes', '$2b$10$lNs8PW2a8V9ZQP0mJKw9XeBDsSrImRs/ZSxohLpFua4eg4dYwzZva', 'tsimoesiy@dagondesign.com', '3923669410', 1, 0, 'Ms'),
(684, 11, 'vmcdadeiz', 'Vince', 'McDade', '$2b$10$lNs8PW2a8V9ZQP0mJKw9XeBDsSrImRs/ZSxohLpFua4eg4dYwzZva', 'vmcdadeiz@a8.net', '9515911907', 1, 0, 'Ms'),
(685, 8, 'jbernardottij0', 'Judd', 'Bernardotti', '$2b$10$lNs8PW2a8V9ZQP0mJKw9XeBDsSrImRs/ZSxohLpFua4eg4dYwzZva', 'jbernardottij0@deviantart.com', '9469667921', 1, 0, 'Ms'),
(686, 10, 'vlindsayj1', 'Vin', 'Lindsay', '$2b$10$lNs8PW2a8V9ZQP0mJKw9XeBDsSrImRs/ZSxohLpFua4eg4dYwzZva', 'vlindsayj1@apple.com', '4206140685', 1, 0, 'Ms'),
(687, 8, 'dcoathamj2', 'Denni', 'Coatham', '$2b$10$lNs8PW2a8V9ZQP0mJKw9XeBDsSrImRs/ZSxohLpFua4eg4dYwzZva', 'dcoathamj2@mapquest.com', '4744997511', 1, 0, 'Ms'),
(688, 9, 'dlevisonj3', 'Deane', 'Levison', '$2b$10$lNs8PW2a8V9ZQP0mJKw9XeBDsSrImRs/ZSxohLpFua4eg4dYwzZva', 'dlevisonj3@columbia.edu', '7308186423', 1, 0, 'Ms'),
(689, 10, 'wbenitezj4', 'Wanda', 'Benitez', '$2b$10$lNs8PW2a8V9ZQP0mJKw9XeBDsSrImRs/ZSxohLpFua4eg4dYwzZva', 'wbenitezj4@msu.edu', '7071339422', 1, 0, 'Ms'),
(690, 10, 'daronovichj5', 'Darb', 'Aronovich', '$2b$10$lNs8PW2a8V9ZQP0mJKw9XeBDsSrImRs/ZSxohLpFua4eg4dYwzZva', 'daronovichj5@feedburner.com', '3311762673', 1, 0, 'Ms'),
(691, 11, 'dgurleyj6', 'Dyan', 'Gurley', '$2b$10$lNs8PW2a8V9ZQP0mJKw9XeBDsSrImRs/ZSxohLpFua4eg4dYwzZva', 'dgurleyj6@noaa.gov', '7783668763', 1, 0, 'Ms'),
(692, 11, 'brustichj7', 'Berty', 'Rustich', '$2b$10$lNs8PW2a8V9ZQP0mJKw9XeBDsSrImRs/ZSxohLpFua4eg4dYwzZva', 'brustichj7@microsoft.com', '4724210702', 1, 0, 'Ms'),
(693, 9, 'aemanuelovj8', 'Analise', 'Emanuelov', '$2b$10$lNs8PW2a8V9ZQP0mJKw9XeBDsSrImRs/ZSxohLpFua4eg4dYwzZva', 'aemanuelovj8@engadget.com', '7842938911', 1, 0, 'Ms'),
(694, 9, 'tbottomleyj9', 'Thornie', 'Bottomley', '$2b$10$lNs8PW2a8V9ZQP0mJKw9XeBDsSrImRs/ZSxohLpFua4eg4dYwzZva', 'tbottomleyj9@taobao.com', '8667791199', 1, 0, 'Ms'),
(695, 12, 'grobichonja', 'Goldi', 'Robichon', '$2b$10$lNs8PW2a8V9ZQP0mJKw9XeBDsSrImRs/ZSxohLpFua4eg4dYwzZva', 'grobichonja@uol.com.br', '9790394764', 1, 0, 'Ms'),
(696, 11, 'gdrewsjb', 'Glynda', 'Drews', '$2b$10$lNs8PW2a8V9ZQP0mJKw9XeBDsSrImRs/ZSxohLpFua4eg4dYwzZva', 'gdrewsjb@theatlantic.com', '2116219868', 1, 0, 'Ms'),
(697, 9, 'rgronojc', 'Risa', 'Grono', '$2b$10$lNs8PW2a8V9ZQP0mJKw9XeBDsSrImRs/ZSxohLpFua4eg4dYwzZva', 'rgronojc@cnn.com', '5551171507', 1, 0, 'Ms'),
(698, 9, 'edwyrjd', 'Enrika', 'Dwyr', '$2b$10$lNs8PW2a8V9ZQP0mJKw9XeBDsSrImRs/ZSxohLpFua4eg4dYwzZva', 'edwyrjd@mac.com', '2521258474', 1, 0, 'Ms'),
(699, 10, 'hloxtonje', 'Heloise', 'Loxton', '$2b$10$lNs8PW2a8V9ZQP0mJKw9XeBDsSrImRs/ZSxohLpFua4eg4dYwzZva', 'hloxtonje@mapquest.com', '1028432089', 1, 0, 'Ms'),
(700, 10, 'shanveyjf', 'Sam', 'Hanvey', '$2b$10$lNs8PW2a8V9ZQP0mJKw9XeBDsSrImRs/ZSxohLpFua4eg4dYwzZva', 'shanveyjf@list-manage.com', '4587579963', 1, 0, 'Ms'),
(701, 12, 'tcoasejg', 'Tracey', 'Coase', '$2b$10$lNs8PW2a8V9ZQP0mJKw9XeBDsSrImRs/ZSxohLpFua4eg4dYwzZva', 'tcoasejg@engadget.com', '1976022940', 1, 0, 'Ms'),
(702, 12, 'wreganjh', 'Wallace', 'Regan', '$2b$10$lNs8PW2a8V9ZQP0mJKw9XeBDsSrImRs/ZSxohLpFua4eg4dYwzZva', 'wreganjh@posterous.com', '6632481140', 1, 0, 'Ms'),
(703, 12, 'jmussalliji', 'Joeann', 'Mussalli', '$2b$10$lNs8PW2a8V9ZQP0mJKw9XeBDsSrImRs/ZSxohLpFua4eg4dYwzZva', 'jmussalliji@chronoengine.com', '4806958166', 1, 0, 'Ms'),
(704, 11, 'bcastaniejj', 'Bessie', 'Castanie', '$2b$10$lNs8PW2a8V9ZQP0mJKw9XeBDsSrImRs/ZSxohLpFua4eg4dYwzZva', 'bcastaniejj@tumblr.com', '8880356909', 1, 0, 'Ms'),
(705, 12, 'kdhoogejk', 'Kitty', 'D\'Hooge', '$2b$10$lNs8PW2a8V9ZQP0mJKw9XeBDsSrImRs/ZSxohLpFua4eg4dYwzZva', 'kdhoogejk@jigsy.com', '7073476508', 1, 0, 'Ms'),
(706, 10, 'gmonkemanjl', 'Gui', 'Monkeman', '$2b$10$lNs8PW2a8V9ZQP0mJKw9XeBDsSrImRs/ZSxohLpFua4eg4dYwzZva', 'gmonkemanjl@ameblo.jp', '7565179396', 1, 0, 'Ms'),
(707, 12, 'bingoldjm', 'Brigida', 'Ingold', '$2b$10$lNs8PW2a8V9ZQP0mJKw9XeBDsSrImRs/ZSxohLpFua4eg4dYwzZva', 'bingoldjm@shareasale.com', '7860043653', 1, 0, 'Ms'),
(708, 12, 'eheighojn', 'Eada', 'Heigho', '$2b$10$lNs8PW2a8V9ZQP0mJKw9XeBDsSrImRs/ZSxohLpFua4eg4dYwzZva', 'eheighojn@ca.gov', '4873159369', 1, 0, 'Ms'),
(709, 12, 'jtilzeyjo', 'Jens', 'Tilzey', '$2b$10$lNs8PW2a8V9ZQP0mJKw9XeBDsSrImRs/ZSxohLpFua4eg4dYwzZva', 'jtilzeyjo@telegraph.co.uk', '3344701258', 1, 0, 'Ms'),
(710, 10, 'kpickfordjp', 'Katha', 'Pickford', '$2b$10$lNs8PW2a8V9ZQP0mJKw9XeBDsSrImRs/ZSxohLpFua4eg4dYwzZva', 'kpickfordjp@washington.edu', '0000054631', 1, 0, 'Ms'),
(711, 8, 'cdoryjq', 'Cassie', 'Dory', '$2b$10$lNs8PW2a8V9ZQP0mJKw9XeBDsSrImRs/ZSxohLpFua4eg4dYwzZva', 'cdoryjq@gmpg.org', '0636497461', 1, 0, 'Ms'),
(712, 10, 'lschimkejr', 'Laurence', 'Schimke', '$2b$10$lNs8PW2a8V9ZQP0mJKw9XeBDsSrImRs/ZSxohLpFua4eg4dYwzZva', 'lschimkejr@wordpress.com', '2397487152', 1, 0, 'Ms'),
(713, 12, 'hkulickejs', 'Hector', 'Kulicke', '$2b$10$lNs8PW2a8V9ZQP0mJKw9XeBDsSrImRs/ZSxohLpFua4eg4dYwzZva', 'hkulickejs@hubpages.com', '9461652402', 1, 0, 'Ms'),
(714, 12, 'rbouldenjt', 'Rodger', 'Boulden', '$2b$10$lNs8PW2a8V9ZQP0mJKw9XeBDsSrImRs/ZSxohLpFua4eg4dYwzZva', 'rbouldenjt@ox.ac.uk', '1084074672', 1, 0, 'Ms'),
(715, 8, 'pmayesju', 'Patrizia', 'Mayes', '$2b$10$lNs8PW2a8V9ZQP0mJKw9XeBDsSrImRs/ZSxohLpFua4eg4dYwzZva', 'pmayesju@berkeley.edu', '3890844243', 1, 0, 'Ms'),
(716, 9, 'kcuttelarjv', 'Karlee', 'Cuttelar', '$2b$10$lNs8PW2a8V9ZQP0mJKw9XeBDsSrImRs/ZSxohLpFua4eg4dYwzZva', 'kcuttelarjv@cbc.ca', '8309589905', 1, 0, 'Ms'),
(717, 11, 'dbracknelljw', 'Dalston', 'Bracknell', '$2b$10$lNs8PW2a8V9ZQP0mJKw9XeBDsSrImRs/ZSxohLpFua4eg4dYwzZva', 'dbracknelljw@marriott.com', '6722841405', 1, 0, 'Ms'),
(718, 9, 'ggrinnelljx', 'Garald', 'Grinnell', '$2b$10$lNs8PW2a8V9ZQP0mJKw9XeBDsSrImRs/ZSxohLpFua4eg4dYwzZva', 'ggrinnelljx@dagondesign.com', '6556166669', 1, 0, 'Ms'),
(719, 10, 'ahanrottjy', 'Andras', 'Hanrott', '$2b$10$lNs8PW2a8V9ZQP0mJKw9XeBDsSrImRs/ZSxohLpFua4eg4dYwzZva', 'ahanrottjy@mtv.com', '0461559129', 1, 0, 'Ms'),
(720, 12, 'jknobelljz', 'Jackie', 'Knobell', '$2b$10$lNs8PW2a8V9ZQP0mJKw9XeBDsSrImRs/ZSxohLpFua4eg4dYwzZva', 'jknobelljz@hao123.com', '5680214989', 1, 0, 'Ms'),
(721, 12, 'gstentifordk0', 'Giustina', 'Stentiford', '$2b$10$lNs8PW2a8V9ZQP0mJKw9XeBDsSrImRs/ZSxohLpFua4eg4dYwzZva', 'gstentifordk0@disqus.com', '3341990348', 1, 0, 'Ms'),
(722, 8, 'gnewsomek1', 'Gus', 'Newsome', '$2b$10$lNs8PW2a8V9ZQP0mJKw9XeBDsSrImRs/ZSxohLpFua4eg4dYwzZva', 'gnewsomek1@odnoklassniki.ru', '7952572768', 1, 0, 'Ms'),
(723, 10, 'dpottellk2', 'Daveta', 'Pottell', '$2b$10$lNs8PW2a8V9ZQP0mJKw9XeBDsSrImRs/ZSxohLpFua4eg4dYwzZva', 'dpottellk2@reuters.com', '8981555370', 1, 0, 'Ms'),
(724, 12, 'bpetlyurak3', 'Benny', 'Petlyura', '$2b$10$lNs8PW2a8V9ZQP0mJKw9XeBDsSrImRs/ZSxohLpFua4eg4dYwzZva', 'bpetlyurak3@eventbrite.com', '6977672951', 1, 0, 'Ms'),
(725, 11, 'iblackeslandk4', 'Ibbie', 'Blackesland', '$2b$10$lNs8PW2a8V9ZQP0mJKw9XeBDsSrImRs/ZSxohLpFua4eg4dYwzZva', 'iblackeslandk4@columbia.edu', '8285034569', 1, 0, 'Ms'),
(726, 10, 'hupchurchk5', 'Hurleigh', 'Upchurch', '$2b$10$lNs8PW2a8V9ZQP0mJKw9XeBDsSrImRs/ZSxohLpFua4eg4dYwzZva', 'hupchurchk5@twitter.com', '7477301300', 1, 0, 'Ms'),
(727, 8, 'rminshullk6', 'Rudie', 'Minshull', '$2b$10$lNs8PW2a8V9ZQP0mJKw9XeBDsSrImRs/ZSxohLpFua4eg4dYwzZva', 'rminshullk6@cloudflare.com', '7291030595', 1, 0, 'Ms'),
(728, 8, 'lsisleyk7', 'Lilia', 'Sisley', '$2b$10$lNs8PW2a8V9ZQP0mJKw9XeBDsSrImRs/ZSxohLpFua4eg4dYwzZva', 'lsisleyk7@seattletimes.com', '3738128484', 1, 0, 'Ms'),
(729, 12, 'stibbottsk8', 'Shari', 'Tibbotts', '$2b$10$lNs8PW2a8V9ZQP0mJKw9XeBDsSrImRs/ZSxohLpFua4eg4dYwzZva', 'stibbottsk8@globo.com', '7173980496', 1, 0, 'Ms'),
(730, 11, 'cbockenk9', 'Cristian', 'Bocken', '$2b$10$lNs8PW2a8V9ZQP0mJKw9XeBDsSrImRs/ZSxohLpFua4eg4dYwzZva', 'cbockenk9@tinypic.com', '3223782907', 1, 0, 'Ms'),
(731, 8, 'gferieka', 'Gunter', 'Ferie', '$2b$10$lNs8PW2a8V9ZQP0mJKw9XeBDsSrImRs/ZSxohLpFua4eg4dYwzZva', 'gferieka@fastcompany.com', '6816744012', 1, 0, 'Ms'),
(732, 8, 'fgoldsberrykb', 'Far', 'Goldsberry', '$2b$10$lNs8PW2a8V9ZQP0mJKw9XeBDsSrImRs/ZSxohLpFua4eg4dYwzZva', 'fgoldsberrykb@phoca.cz', '1926343727', 1, 0, 'Ms'),
(733, 8, 'cbulmankc', 'Caroline', 'Bulman', '$2b$10$lNs8PW2a8V9ZQP0mJKw9XeBDsSrImRs/ZSxohLpFua4eg4dYwzZva', 'cbulmankc@ehow.com', '7562981124', 1, 0, 'Ms'),
(734, 10, 'arosenbaumkd', 'Adey', 'Rosenbaum', '$2b$10$lNs8PW2a8V9ZQP0mJKw9XeBDsSrImRs/ZSxohLpFua4eg4dYwzZva', 'arosenbaumkd@sciencedirect.com', '7889790481', 1, 0, 'Ms'),
(735, 11, 'ahalgarthke', 'Axel', 'Halgarth', '$2b$10$lNs8PW2a8V9ZQP0mJKw9XeBDsSrImRs/ZSxohLpFua4eg4dYwzZva', 'ahalgarthke@pagesperso-orange.fr', '7674023486', 1, 0, 'Ms'),
(736, 9, 'crawlekf', 'Cyrillus', 'Rawle', '$2b$10$lNs8PW2a8V9ZQP0mJKw9XeBDsSrImRs/ZSxohLpFua4eg4dYwzZva', 'crawlekf@seesaa.net', '4137802734', 1, 0, 'Ms'),
(737, 12, 'ubogacekg', 'Urbano', 'Bogace', '$2b$10$lNs8PW2a8V9ZQP0mJKw9XeBDsSrImRs/ZSxohLpFua4eg4dYwzZva', 'ubogacekg@princeton.edu', '8480790938', 1, 0, 'Ms'),
(738, 11, 'bruckledgekh', 'Bowie', 'Ruckledge', '$2b$10$lNs8PW2a8V9ZQP0mJKw9XeBDsSrImRs/ZSxohLpFua4eg4dYwzZva', 'bruckledgekh@wiley.com', '6234290116', 1, 0, 'Ms'),
(739, 8, 'nbuggeki', 'Noland', 'Bugge', '$2b$10$lNs8PW2a8V9ZQP0mJKw9XeBDsSrImRs/ZSxohLpFua4eg4dYwzZva', 'nbuggeki@geocities.jp', '3896119753', 1, 0, 'Ms'),
(740, 11, 'tleydonkj', 'Trent', 'Leydon', '$2b$10$lNs8PW2a8V9ZQP0mJKw9XeBDsSrImRs/ZSxohLpFua4eg4dYwzZva', 'tleydonkj@webeden.co.uk', '9706348786', 1, 0, 'Ms'),
(741, 12, 'smaccrackenkk', 'Stanislaus', 'MacCracken', '$2b$10$lNs8PW2a8V9ZQP0mJKw9XeBDsSrImRs/ZSxohLpFua4eg4dYwzZva', 'smaccrackenkk@liveinternet.ru', '3318249289', 1, 0, 'Ms'),
(742, 9, 'rhannafordkl', 'Ricoriki', 'Hannaford', '$2b$10$lNs8PW2a8V9ZQP0mJKw9XeBDsSrImRs/ZSxohLpFua4eg4dYwzZva', 'rhannafordkl@cdc.gov', '0559193882', 1, 0, 'Ms'),
(743, 8, 'esherbornkm', 'Emery', 'Sherborn', '$2b$10$lNs8PW2a8V9ZQP0mJKw9XeBDsSrImRs/ZSxohLpFua4eg4dYwzZva', 'esherbornkm@goodreads.com', '0144876981', 1, 0, 'Ms'),
(744, 10, 'ccesarickn', 'Con', 'Cesaric', '$2b$10$lNs8PW2a8V9ZQP0mJKw9XeBDsSrImRs/ZSxohLpFua4eg4dYwzZva', 'ccesarickn@ow.ly', '0478723202', 1, 0, 'Ms'),
(745, 12, 'kellsomko', 'Kit', 'Ellsom', '$2b$10$lNs8PW2a8V9ZQP0mJKw9XeBDsSrImRs/ZSxohLpFua4eg4dYwzZva', 'kellsomko@hc360.com', '9856169917', 1, 0, 'Ms'),
(746, 8, 'azavattarikp', 'Amalle', 'Zavattari', '$2b$10$lNs8PW2a8V9ZQP0mJKw9XeBDsSrImRs/ZSxohLpFua4eg4dYwzZva', 'azavattarikp@spotify.com', '1511512938', 1, 0, 'Ms'),
(747, 11, 'ctinsleykq', 'Chaddy', 'Tinsley', '$2b$10$lNs8PW2a8V9ZQP0mJKw9XeBDsSrImRs/ZSxohLpFua4eg4dYwzZva', 'ctinsleykq@opensource.org', '5862173692', 1, 0, 'Ms'),
(748, 10, 'razamkr', 'Rey', 'Azam', '$2b$10$lNs8PW2a8V9ZQP0mJKw9XeBDsSrImRs/ZSxohLpFua4eg4dYwzZva', 'razamkr@hc360.com', '7568411435', 1, 0, 'Ms'),
(749, 9, 'myureninks', 'Marris', 'Yurenin', '$2b$10$lNs8PW2a8V9ZQP0mJKw9XeBDsSrImRs/ZSxohLpFua4eg4dYwzZva', 'myureninks@ox.ac.uk', '3209925925', 1, 0, 'Ms'),
(750, 12, 'pmignotkt', 'Pauly', 'Mignot', '$2b$10$lNs8PW2a8V9ZQP0mJKw9XeBDsSrImRs/ZSxohLpFua4eg4dYwzZva', 'pmignotkt@bigcartel.com', '4577738880', 1, 0, 'Ms'),
(751, 11, 'dlamkeku', 'Dru', 'Lamke', '$2b$10$lNs8PW2a8V9ZQP0mJKw9XeBDsSrImRs/ZSxohLpFua4eg4dYwzZva', 'dlamkeku@barnesandnoble.com', '6933568245', 1, 0, 'Ms'),
(752, 10, 'pdinegeskv', 'Pansy', 'Dineges', '$2b$10$lNs8PW2a8V9ZQP0mJKw9XeBDsSrImRs/ZSxohLpFua4eg4dYwzZva', 'pdinegeskv@accuweather.com', '2559123584', 1, 0, 'Ms'),
(753, 12, 'dpaleykw', 'Dewitt', 'Paley', '$2b$10$lNs8PW2a8V9ZQP0mJKw9XeBDsSrImRs/ZSxohLpFua4eg4dYwzZva', 'dpaleykw@istockphoto.com', '9610282164', 1, 0, 'Ms'),
(754, 9, 'erameskx', 'Estele', 'Rames', '$2b$10$lNs8PW2a8V9ZQP0mJKw9XeBDsSrImRs/ZSxohLpFua4eg4dYwzZva', 'erameskx@hatena.ne.jp', '5620108147', 1, 0, 'Ms'),
(755, 10, 'pconrathky', 'Pip', 'Conrath', '$2b$10$lNs8PW2a8V9ZQP0mJKw9XeBDsSrImRs/ZSxohLpFua4eg4dYwzZva', 'pconrathky@dyndns.org', '2886531596', 1, 0, 'Ms'),
(756, 10, 'npaydonkz', 'Nolana', 'Paydon', '$2b$10$lNs8PW2a8V9ZQP0mJKw9XeBDsSrImRs/ZSxohLpFua4eg4dYwzZva', 'npaydonkz@cbslocal.com', '4343808068', 1, 0, 'Ms'),
(757, 9, 'dtaillantl0', 'Dorey', 'Taillant', '$2b$10$lNs8PW2a8V9ZQP0mJKw9XeBDsSrImRs/ZSxohLpFua4eg4dYwzZva', 'dtaillantl0@a8.net', '2750957052', 1, 0, 'Ms'),
(758, 11, 'bwaistelll1', 'Blair', 'Waistell', '$2b$10$lNs8PW2a8V9ZQP0mJKw9XeBDsSrImRs/ZSxohLpFua4eg4dYwzZva', 'bwaistelll1@mtv.com', '5179891302', 1, 0, 'Ms'),
(759, 12, 'cmessagel2', 'Cyb', 'Message', '$2b$10$lNs8PW2a8V9ZQP0mJKw9XeBDsSrImRs/ZSxohLpFua4eg4dYwzZva', 'cmessagel2@51.la', '9821087639', 1, 0, 'Ms'),
(760, 10, 'iboulgerl3', 'Iseabal', 'Boulger', '$2b$10$lNs8PW2a8V9ZQP0mJKw9XeBDsSrImRs/ZSxohLpFua4eg4dYwzZva', 'iboulgerl3@php.net', '7232402945', 1, 0, 'Ms'),
(761, 11, 'wstittl4', 'Wiatt', 'Stitt', '$2b$10$lNs8PW2a8V9ZQP0mJKw9XeBDsSrImRs/ZSxohLpFua4eg4dYwzZva', 'wstittl4@google.it', '9385341936', 1, 0, 'Ms'),
(762, 12, 'dsternl5', 'Dee dee', 'Stern', '$2b$10$lNs8PW2a8V9ZQP0mJKw9XeBDsSrImRs/ZSxohLpFua4eg4dYwzZva', 'dsternl5@forbes.com', '2939454698', 1, 0, 'Ms'),
(763, 12, 'cmoncreiffl6', 'Cooper', 'Moncreiff', '$2b$10$lNs8PW2a8V9ZQP0mJKw9XeBDsSrImRs/ZSxohLpFua4eg4dYwzZva', 'cmoncreiffl6@google.pl', '4025001357', 1, 0, 'Ms'),
(764, 8, 'rkealeyl7', 'Roby', 'Kealey', '$2b$10$lNs8PW2a8V9ZQP0mJKw9XeBDsSrImRs/ZSxohLpFua4eg4dYwzZva', 'rkealeyl7@tamu.edu', '1894998081', 1, 0, 'Ms'),
(765, 12, 'pwegenerl8', 'Page', 'Wegener', '$2b$10$lNs8PW2a8V9ZQP0mJKw9XeBDsSrImRs/ZSxohLpFua4eg4dYwzZva', 'pwegenerl8@etsy.com', '5252435030', 1, 0, 'Ms'),
(766, 8, 'flinsterl9', 'Fredra', 'Linster', '$2b$10$lNs8PW2a8V9ZQP0mJKw9XeBDsSrImRs/ZSxohLpFua4eg4dYwzZva', 'flinsterl9@bing.com', '0261259997', 1, 0, 'Ms'),
(767, 9, 'mmarsyla', 'Melosa', 'Marsy', '$2b$10$lNs8PW2a8V9ZQP0mJKw9XeBDsSrImRs/ZSxohLpFua4eg4dYwzZva', 'mmarsyla@nsw.gov.au', '2416042904', 1, 0, 'Ms'),
(768, 12, 'hwinwoodlb', 'Harbert', 'Winwood', '$2b$10$lNs8PW2a8V9ZQP0mJKw9XeBDsSrImRs/ZSxohLpFua4eg4dYwzZva', 'hwinwoodlb@wufoo.com', '4717085280', 1, 0, 'Ms'),
(769, 12, 'ttowelllc', 'Trev', 'Towell', '$2b$10$lNs8PW2a8V9ZQP0mJKw9XeBDsSrImRs/ZSxohLpFua4eg4dYwzZva', 'ttowelllc@tiny.cc', '6197100347', 1, 0, 'Ms'),
(770, 10, 'ecopingld', 'Everard', 'Coping', '$2b$10$lNs8PW2a8V9ZQP0mJKw9XeBDsSrImRs/ZSxohLpFua4eg4dYwzZva', 'ecopingld@eepurl.com', '6108463600', 1, 0, 'Ms'),
(771, 8, 'hattersollle', 'Hagan', 'Attersoll', '$2b$10$lNs8PW2a8V9ZQP0mJKw9XeBDsSrImRs/ZSxohLpFua4eg4dYwzZva', 'hattersollle@unesco.org', '2752301162', 1, 0, 'Ms'),
(772, 9, 'rfirebracelf', 'Rosalia', 'Firebrace', '$2b$10$lNs8PW2a8V9ZQP0mJKw9XeBDsSrImRs/ZSxohLpFua4eg4dYwzZva', 'rfirebracelf@disqus.com', '0873349342', 1, 0, 'Ms'),
(773, 9, 'clabordalg', 'Caralie', 'Laborda', '$2b$10$lNs8PW2a8V9ZQP0mJKw9XeBDsSrImRs/ZSxohLpFua4eg4dYwzZva', 'clabordalg@edublogs.org', '4716109550', 1, 0, 'Ms'),
(774, 8, 'ehaggathlh', 'Emiline', 'Haggath', '$2b$10$lNs8PW2a8V9ZQP0mJKw9XeBDsSrImRs/ZSxohLpFua4eg4dYwzZva', 'ehaggathlh@ustream.tv', '9659545193', 1, 0, 'Ms'),
(775, 10, 'wstrathdeeli', 'Wyndham', 'Strathdee', '$2b$10$lNs8PW2a8V9ZQP0mJKw9XeBDsSrImRs/ZSxohLpFua4eg4dYwzZva', 'wstrathdeeli@buzzfeed.com', '2354582722', 1, 0, 'Ms'),
(776, 11, 'aairetonlj', 'Ann', 'Aireton', '$2b$10$lNs8PW2a8V9ZQP0mJKw9XeBDsSrImRs/ZSxohLpFua4eg4dYwzZva', 'aairetonlj@etsy.com', '7529045741', 1, 0, 'Ms'),
(777, 8, 'amckaylk', 'Ashla', 'McKay', '$2b$10$lNs8PW2a8V9ZQP0mJKw9XeBDsSrImRs/ZSxohLpFua4eg4dYwzZva', 'amckaylk@meetup.com', '7418639937', 1, 0, 'Ms'),
(778, 10, 'wkeinratll', 'Westbrooke', 'Keinrat', '$2b$10$lNs8PW2a8V9ZQP0mJKw9XeBDsSrImRs/ZSxohLpFua4eg4dYwzZva', 'wkeinratll@jigsy.com', '9248970303', 1, 0, 'Ms'),
(779, 12, 'kcopeslm', 'Karylin', 'Copes', '$2b$10$lNs8PW2a8V9ZQP0mJKw9XeBDsSrImRs/ZSxohLpFua4eg4dYwzZva', 'kcopeslm@weebly.com', '5945194468', 1, 0, 'Ms'),
(780, 12, 'cradmerln', 'Chelsey', 'Radmer', '$2b$10$lNs8PW2a8V9ZQP0mJKw9XeBDsSrImRs/ZSxohLpFua4eg4dYwzZva', 'cradmerln@mapy.cz', '3872817213', 1, 0, 'Ms'),
(781, 12, 'pfosselo', 'Phyllys', 'Fosse', '$2b$10$lNs8PW2a8V9ZQP0mJKw9XeBDsSrImRs/ZSxohLpFua4eg4dYwzZva', 'pfosselo@typepad.com', '1566746973', 1, 0, 'Ms'),
(782, 10, 'ehavicklp', 'Egbert', 'Havick', '$2b$10$lNs8PW2a8V9ZQP0mJKw9XeBDsSrImRs/ZSxohLpFua4eg4dYwzZva', 'ehavicklp@seattletimes.com', '4596489068', 1, 0, 'Ms'),
(783, 8, 'eschimpkelq', 'Elvis', 'Schimpke', '$2b$10$lNs8PW2a8V9ZQP0mJKw9XeBDsSrImRs/ZSxohLpFua4eg4dYwzZva', 'eschimpkelq@wired.com', '7693229507', 1, 0, 'Ms'),
(784, 9, 'fferialr', 'Fiona', 'Feria', '$2b$10$lNs8PW2a8V9ZQP0mJKw9XeBDsSrImRs/ZSxohLpFua4eg4dYwzZva', 'fferialr@census.gov', '9743710086', 1, 0, 'Ms'),
(785, 9, 'abarrablels', 'Ange', 'Barrable', '$2b$10$lNs8PW2a8V9ZQP0mJKw9XeBDsSrImRs/ZSxohLpFua4eg4dYwzZva', 'abarrablels@ow.ly', '8899593469', 1, 0, 'Ms'),
(786, 8, 'cdowlelt', 'Consalve', 'Dowle', '$2b$10$lNs8PW2a8V9ZQP0mJKw9XeBDsSrImRs/ZSxohLpFua4eg4dYwzZva', 'cdowlelt@oakley.com', '8042506600', 1, 0, 'Ms'),
(787, 10, 'ctwycrosslu', 'Calypso', 'Twycross', '$2b$10$lNs8PW2a8V9ZQP0mJKw9XeBDsSrImRs/ZSxohLpFua4eg4dYwzZva', 'ctwycrosslu@comsenz.com', '9217153885', 1, 0, 'Ms'),
(788, 12, 'msiviterlv', 'Marty', 'Siviter', '$2b$10$lNs8PW2a8V9ZQP0mJKw9XeBDsSrImRs/ZSxohLpFua4eg4dYwzZva', 'msiviterlv@opera.com', '9614002085', 1, 0, 'Ms'),
(789, 10, 'etinhamlw', 'Essie', 'Tinham', '$2b$10$lNs8PW2a8V9ZQP0mJKw9XeBDsSrImRs/ZSxohLpFua4eg4dYwzZva', 'etinhamlw@histats.com', '5364539059', 1, 0, 'Ms'),
(790, 10, 'erechertlx', 'Ely', 'Rechert', '$2b$10$lNs8PW2a8V9ZQP0mJKw9XeBDsSrImRs/ZSxohLpFua4eg4dYwzZva', 'erechertlx@moonfruit.com', '8982426981', 1, 0, 'Ms'),
(791, 8, 'rmcinneryly', 'Rosy', 'McInnery', '$2b$10$lNs8PW2a8V9ZQP0mJKw9XeBDsSrImRs/ZSxohLpFua4eg4dYwzZva', 'rmcinneryly@ovh.net', '3260614273', 1, 0, 'Ms'),
(792, 8, 'rdemendozalz', 'Reece', 'de Mendoza', '$2b$10$lNs8PW2a8V9ZQP0mJKw9XeBDsSrImRs/ZSxohLpFua4eg4dYwzZva', 'rdemendozalz@amazon.co.uk', '3289977587', 1, 0, 'Ms'),
(793, 8, 'gelwelm0', 'Gordan', 'Elwel', '$2b$10$lNs8PW2a8V9ZQP0mJKw9XeBDsSrImRs/ZSxohLpFua4eg4dYwzZva', 'gelwelm0@free.fr', '1651548676', 1, 0, 'Ms'),
(794, 11, 'lruossm1', 'Lavina', 'Ruoss', '$2b$10$lNs8PW2a8V9ZQP0mJKw9XeBDsSrImRs/ZSxohLpFua4eg4dYwzZva', 'lruossm1@pen.io', '0338001646', 1, 0, 'Ms'),
(795, 12, 'awimmsm2', 'Adrea', 'Wimms', '$2b$10$lNs8PW2a8V9ZQP0mJKw9XeBDsSrImRs/ZSxohLpFua4eg4dYwzZva', 'awimmsm2@bbc.co.uk', '2913340598', 1, 0, 'Ms'),
(796, 11, 'gbenedictm3', 'Golda', 'Benedict', '$2b$10$lNs8PW2a8V9ZQP0mJKw9XeBDsSrImRs/ZSxohLpFua4eg4dYwzZva', 'gbenedictm3@msn.com', '9283848993', 1, 0, 'Ms'),
(797, 10, 'jbriancem4', 'Josephine', 'Briance', '$2b$10$lNs8PW2a8V9ZQP0mJKw9XeBDsSrImRs/ZSxohLpFua4eg4dYwzZva', 'jbriancem4@aboutads.info', '4500071458', 1, 0, 'Ms'),
(798, 10, 'fpietrowiczm5', 'Forbes', 'Pietrowicz', '$2b$10$lNs8PW2a8V9ZQP0mJKw9XeBDsSrImRs/ZSxohLpFua4eg4dYwzZva', 'fpietrowiczm5@adobe.com', '9469230388', 1, 0, 'Ms'),
(799, 8, 'eregism6', 'Elvina', 'Regis', '$2b$10$lNs8PW2a8V9ZQP0mJKw9XeBDsSrImRs/ZSxohLpFua4eg4dYwzZva', 'eregism6@bbc.co.uk', '0819581976', 1, 0, 'Ms'),
(800, 10, 'boagm7', 'Bertie', 'Oag', '$2b$10$lNs8PW2a8V9ZQP0mJKw9XeBDsSrImRs/ZSxohLpFua4eg4dYwzZva', 'boagm7@fastcompany.com', '2671141246', 1, 0, 'Ms'),
(801, 12, 'msuchem8', 'Moselle', 'Suche', '$2b$10$lNs8PW2a8V9ZQP0mJKw9XeBDsSrImRs/ZSxohLpFua4eg4dYwzZva', 'msuchem8@upenn.edu', '5917817022', 1, 0, 'Ms'),
(802, 9, 'cagassm9', 'Chaddie', 'Agass', '$2b$10$lNs8PW2a8V9ZQP0mJKw9XeBDsSrImRs/ZSxohLpFua4eg4dYwzZva', 'cagassm9@apple.com', '5164159686', 1, 0, 'Ms'),
(803, 8, 'htownsleyma', 'Harlie', 'Townsley', '$2b$10$lNs8PW2a8V9ZQP0mJKw9XeBDsSrImRs/ZSxohLpFua4eg4dYwzZva', 'htownsleyma@hostgator.com', '4755113849', 1, 0, 'Ms'),
(804, 9, 'mthunderchiefmb', 'Malvina', 'Thunderchief', '$2b$10$lNs8PW2a8V9ZQP0mJKw9XeBDsSrImRs/ZSxohLpFua4eg4dYwzZva', 'mthunderchiefmb@mit.edu', '4878072725', 1, 0, 'Ms'),
(805, 9, 'lsteaningmc', 'Loy', 'Steaning', '$2b$10$lNs8PW2a8V9ZQP0mJKw9XeBDsSrImRs/ZSxohLpFua4eg4dYwzZva', 'lsteaningmc@shinystat.com', '2841896064', 1, 0, 'Ms'),
(806, 10, 'amaccartermd', 'Arel', 'MacCarter', '$2b$10$lNs8PW2a8V9ZQP0mJKw9XeBDsSrImRs/ZSxohLpFua4eg4dYwzZva', 'amaccartermd@google.cn', '5569627685', 1, 0, 'Ms'),
(807, 9, 'amoraisme', 'Andriana', 'Morais', '$2b$10$lNs8PW2a8V9ZQP0mJKw9XeBDsSrImRs/ZSxohLpFua4eg4dYwzZva', 'amoraisme@elegantthemes.com', '4162218625', 1, 0, 'Ms'),
(808, 12, 'gbordesmf', 'Gib', 'Bordes', '$2b$10$lNs8PW2a8V9ZQP0mJKw9XeBDsSrImRs/ZSxohLpFua4eg4dYwzZva', 'gbordesmf@xrea.com', '1898584605', 1, 0, 'Ms'),
(809, 9, 'lgosdinmg', 'Linn', 'Gosdin', '$2b$10$lNs8PW2a8V9ZQP0mJKw9XeBDsSrImRs/ZSxohLpFua4eg4dYwzZva', 'lgosdinmg@dot.gov', '6050008434', 1, 0, 'Ms'),
(810, 8, 'adiwellmh', 'Ambrosi', 'Diwell', '$2b$10$lNs8PW2a8V9ZQP0mJKw9XeBDsSrImRs/ZSxohLpFua4eg4dYwzZva', 'adiwellmh@devhub.com', '2863132504', 1, 0, 'Ms'),
(811, 11, 'tleremi', 'Torrance', 'Lere', '$2b$10$lNs8PW2a8V9ZQP0mJKw9XeBDsSrImRs/ZSxohLpFua4eg4dYwzZva', 'tleremi@odnoklassniki.ru', '4079048718', 1, 0, 'Ms'),
(812, 10, 'hmagnermj', 'Hunt', 'Magner', '$2b$10$lNs8PW2a8V9ZQP0mJKw9XeBDsSrImRs/ZSxohLpFua4eg4dYwzZva', 'hmagnermj@usda.gov', '5346562109', 1, 0, 'Ms'),
(813, 11, 'aedgellermk', 'Alejandra', 'Edgeller', '$2b$10$lNs8PW2a8V9ZQP0mJKw9XeBDsSrImRs/ZSxohLpFua4eg4dYwzZva', 'aedgellermk@ed.gov', '0191118966', 1, 0, 'Ms'),
(814, 12, 'bmacallasterml', 'Brian', 'MacAllaster', '$2b$10$lNs8PW2a8V9ZQP0mJKw9XeBDsSrImRs/ZSxohLpFua4eg4dYwzZva', 'bmacallasterml@theguardian.com', '2484250673', 1, 0, 'Ms'),
(815, 11, 'nbatallemm', 'Noel', 'Batalle', '$2b$10$lNs8PW2a8V9ZQP0mJKw9XeBDsSrImRs/ZSxohLpFua4eg4dYwzZva', 'nbatallemm@toplist.cz', '1849893152', 1, 0, 'Ms'),
(816, 9, 'cgwaltermn', 'Chaunce', 'Gwalter', '$2b$10$lNs8PW2a8V9ZQP0mJKw9XeBDsSrImRs/ZSxohLpFua4eg4dYwzZva', 'cgwaltermn@multiply.com', '2212941188', 1, 0, 'Ms'),
(817, 9, 'dfareweathermo', 'Dulcine', 'Fareweather', '$2b$10$lNs8PW2a8V9ZQP0mJKw9XeBDsSrImRs/ZSxohLpFua4eg4dYwzZva', 'dfareweathermo@aol.com', '0332977250', 1, 0, 'Ms'),
(818, 11, 'wsimounetmp', 'Weidar', 'Simounet', '$2b$10$lNs8PW2a8V9ZQP0mJKw9XeBDsSrImRs/ZSxohLpFua4eg4dYwzZva', 'wsimounetmp@naver.com', '8186797068', 1, 0, 'Ms'),
(819, 10, 'csuttabymq', 'Corenda', 'Suttaby', '$2b$10$lNs8PW2a8V9ZQP0mJKw9XeBDsSrImRs/ZSxohLpFua4eg4dYwzZva', 'csuttabymq@prnewswire.com', '4870105446', 1, 0, 'Ms'),
(820, 12, 'amcowismr', 'Aldrich', 'M\'cowis', '$2b$10$lNs8PW2a8V9ZQP0mJKw9XeBDsSrImRs/ZSxohLpFua4eg4dYwzZva', 'amcowismr@cdc.gov', '9566655541', 1, 0, 'Ms'),
(821, 10, 'dbonems', 'Duffy', 'Bone', '$2b$10$lNs8PW2a8V9ZQP0mJKw9XeBDsSrImRs/ZSxohLpFua4eg4dYwzZva', 'dbonems@admin.ch', '5411717590', 1, 0, 'Ms'),
(822, 9, 'cdaffernmt', 'Cash', 'Daffern', '$2b$10$lNs8PW2a8V9ZQP0mJKw9XeBDsSrImRs/ZSxohLpFua4eg4dYwzZva', 'cdaffernmt@pen.io', '0307385957', 1, 0, 'Ms'),
(823, 10, 'wpettsmu', 'Worden', 'Petts', '$2b$10$lNs8PW2a8V9ZQP0mJKw9XeBDsSrImRs/ZSxohLpFua4eg4dYwzZva', 'wpettsmu@weebly.com', '1852097698', 1, 0, 'Ms'),
(824, 11, 'mjulienmv', 'Morten', 'Julien', '$2b$10$lNs8PW2a8V9ZQP0mJKw9XeBDsSrImRs/ZSxohLpFua4eg4dYwzZva', 'mjulienmv@youku.com', '6506039477', 1, 0, 'Ms'),
(825, 11, 'dteddermw', 'Dunstan', 'Tedder', '$2b$10$lNs8PW2a8V9ZQP0mJKw9XeBDsSrImRs/ZSxohLpFua4eg4dYwzZva', 'dteddermw@blogger.com', '8991936369', 1, 0, 'Ms'),
(826, 11, 'hburtwellmx', 'Hayden', 'Burtwell', '$2b$10$lNs8PW2a8V9ZQP0mJKw9XeBDsSrImRs/ZSxohLpFua4eg4dYwzZva', 'hburtwellmx@blogs.com', '9199134268', 1, 0, 'Ms'),
(827, 11, 'tskaifemy', 'Teri', 'Skaife', '$2b$10$lNs8PW2a8V9ZQP0mJKw9XeBDsSrImRs/ZSxohLpFua4eg4dYwzZva', 'tskaifemy@yandex.ru', '1770596054', 1, 0, 'Ms'),
(828, 11, 'wheightonmz', 'Willy', 'Heighton', '$2b$10$lNs8PW2a8V9ZQP0mJKw9XeBDsSrImRs/ZSxohLpFua4eg4dYwzZva', 'wheightonmz@wix.com', '8957874550', 1, 0, 'Ms'),
(829, 12, 'bpietrusiakn0', 'Bern', 'Pietrusiak', '$2b$10$lNs8PW2a8V9ZQP0mJKw9XeBDsSrImRs/ZSxohLpFua4eg4dYwzZva', 'bpietrusiakn0@oaic.gov.au', '9842585670', 1, 0, 'Ms'),
(830, 12, 'mnovotnin1', 'Meagan', 'Novotni', '$2b$10$lNs8PW2a8V9ZQP0mJKw9XeBDsSrImRs/ZSxohLpFua4eg4dYwzZva', 'mnovotnin1@symantec.com', '8855323466', 1, 0, 'Ms'),
(831, 11, 'wverrickn2', 'Willa', 'Verrick', '$2b$10$lNs8PW2a8V9ZQP0mJKw9XeBDsSrImRs/ZSxohLpFua4eg4dYwzZva', 'wverrickn2@multiply.com', '8934886714', 1, 0, 'Ms'),
(832, 12, 'anapolionen3', 'Arlette', 'Napolione', '$2b$10$lNs8PW2a8V9ZQP0mJKw9XeBDsSrImRs/ZSxohLpFua4eg4dYwzZva', 'anapolionen3@rediff.com', '1278296336', 1, 0, 'Ms'),
(833, 12, 'gburbridgen4', 'Gwenore', 'Burbridge', '$2b$10$lNs8PW2a8V9ZQP0mJKw9XeBDsSrImRs/ZSxohLpFua4eg4dYwzZva', 'gburbridgen4@nature.com', '8892780662', 1, 0, 'Ms'),
(834, 12, 'bhubandn5', 'Blondy', 'Huband', '$2b$10$lNs8PW2a8V9ZQP0mJKw9XeBDsSrImRs/ZSxohLpFua4eg4dYwzZva', 'bhubandn5@reference.com', '5334418997', 1, 0, 'Ms'),
(835, 9, 'vstreatfieldn6', 'Vivyan', 'Streatfield', '$2b$10$lNs8PW2a8V9ZQP0mJKw9XeBDsSrImRs/ZSxohLpFua4eg4dYwzZva', 'vstreatfieldn6@netvibes.com', '1378864514', 1, 0, 'Ms'),
(836, 10, 'lcasfordn7', 'Leoline', 'Casford', '$2b$10$lNs8PW2a8V9ZQP0mJKw9XeBDsSrImRs/ZSxohLpFua4eg4dYwzZva', 'lcasfordn7@so-net.ne.jp', '1338866826', 1, 0, 'Ms'),
(837, 8, 'kterbeekn8', 'Korrie', 'Terbeek', '$2b$10$lNs8PW2a8V9ZQP0mJKw9XeBDsSrImRs/ZSxohLpFua4eg4dYwzZva', 'kterbeekn8@yahoo.com', '6203272817', 1, 0, 'Ms'),
(838, 9, 'rcamblingn9', 'Robbie', 'Cambling', '$2b$10$lNs8PW2a8V9ZQP0mJKw9XeBDsSrImRs/ZSxohLpFua4eg4dYwzZva', 'rcamblingn9@utexas.edu', '9806014405', 1, 0, 'Ms'),
(839, 12, 'jdurtnallna', 'Judie', 'Durtnall', '$2b$10$lNs8PW2a8V9ZQP0mJKw9XeBDsSrImRs/ZSxohLpFua4eg4dYwzZva', 'jdurtnallna@purevolume.com', '0001615823', 1, 0, 'Ms'),
(840, 11, 'odoerlingnb', 'Octavius', 'Doerling', '$2b$10$lNs8PW2a8V9ZQP0mJKw9XeBDsSrImRs/ZSxohLpFua4eg4dYwzZva', 'odoerlingnb@apache.org', '9783918354', 1, 0, 'Ms'),
(841, 9, 'hfossittnc', 'Henrik', 'Fossitt', '$2b$10$lNs8PW2a8V9ZQP0mJKw9XeBDsSrImRs/ZSxohLpFua4eg4dYwzZva', 'hfossittnc@microsoft.com', '8140970646', 1, 0, 'Ms'),
(842, 11, 'jnollernd', 'Joice', 'Noller', '$2b$10$lNs8PW2a8V9ZQP0mJKw9XeBDsSrImRs/ZSxohLpFua4eg4dYwzZva', 'jnollernd@g.co', '6859430184', 1, 0, 'Ms'),
(843, 10, 'cheadyne', 'Cobbie', 'Heady', '$2b$10$lNs8PW2a8V9ZQP0mJKw9XeBDsSrImRs/ZSxohLpFua4eg4dYwzZva', 'cheadyne@barnesandnoble.com', '6677858200', 1, 0, 'Ms'),
(844, 12, 'dbroadbridgenf', 'Dulsea', 'Broadbridge', '$2b$10$lNs8PW2a8V9ZQP0mJKw9XeBDsSrImRs/ZSxohLpFua4eg4dYwzZva', 'dbroadbridgenf@amazonaws.com', '5802339349', 1, 0, 'Ms'),
(845, 8, 'chodginsng', 'Christen', 'Hodgins', '$2b$10$lNs8PW2a8V9ZQP0mJKw9XeBDsSrImRs/ZSxohLpFua4eg4dYwzZva', 'chodginsng@nytimes.com', '1268938483', 1, 0, 'Ms'),
(846, 9, 'cdeclerknh', 'Carver', 'de Clerk', '$2b$10$lNs8PW2a8V9ZQP0mJKw9XeBDsSrImRs/ZSxohLpFua4eg4dYwzZva', 'cdeclerknh@yellowpages.com', '0003049795', 1, 0, 'Ms'),
(847, 10, 'gheadinghamni', 'Garwin', 'Headingham', '$2b$10$lNs8PW2a8V9ZQP0mJKw9XeBDsSrImRs/ZSxohLpFua4eg4dYwzZva', 'gheadinghamni@zimbio.com', '6064859245', 1, 0, 'Ms'),
(848, 9, 'jcruwysnj', 'Jenni', 'Cruwys', '$2b$10$lNs8PW2a8V9ZQP0mJKw9XeBDsSrImRs/ZSxohLpFua4eg4dYwzZva', 'jcruwysnj@istockphoto.com', '7703804754', 1, 0, 'Ms'),
(849, 8, 'mboutelliernk', 'Mignonne', 'Boutellier', '$2b$10$lNs8PW2a8V9ZQP0mJKw9XeBDsSrImRs/ZSxohLpFua4eg4dYwzZva', 'mboutelliernk@ucsd.edu', '0515387274', 1, 0, 'Ms'),
(850, 9, 'sdobneynl', 'Sargent', 'Dobney', '$2b$10$lNs8PW2a8V9ZQP0mJKw9XeBDsSrImRs/ZSxohLpFua4eg4dYwzZva', 'sdobneynl@plala.or.jp', '0561382131', 1, 0, 'Ms'),
(851, 12, 'wdewittnm', 'Walker', 'De Witt', '$2b$10$lNs8PW2a8V9ZQP0mJKw9XeBDsSrImRs/ZSxohLpFua4eg4dYwzZva', 'wdewittnm@oracle.com', '9800655697', 1, 0, 'Ms'),
(852, 9, 'bgordgenn', 'Brittaney', 'Gordge', '$2b$10$lNs8PW2a8V9ZQP0mJKw9XeBDsSrImRs/ZSxohLpFua4eg4dYwzZva', 'bgordgenn@ovh.net', '0787367389', 1, 0, 'Ms'),
(853, 8, 'abernierno', 'Adelheid', 'Bernier', '$2b$10$lNs8PW2a8V9ZQP0mJKw9XeBDsSrImRs/ZSxohLpFua4eg4dYwzZva', 'abernierno@imgur.com', '9885269924', 1, 0, 'Ms'),
(854, 10, 'ttycenp', 'Tony', 'Tyce', '$2b$10$lNs8PW2a8V9ZQP0mJKw9XeBDsSrImRs/ZSxohLpFua4eg4dYwzZva', 'ttycenp@1688.com', '8219223154', 1, 0, 'Ms'),
(855, 11, 'cvermanq', 'Charil', 'Verma', '$2b$10$lNs8PW2a8V9ZQP0mJKw9XeBDsSrImRs/ZSxohLpFua4eg4dYwzZva', 'cvermanq@youku.com', '7132760432', 1, 0, 'Ms'),
(856, 11, 'cpoutressnr', 'Cameron', 'Poutress', '$2b$10$lNs8PW2a8V9ZQP0mJKw9XeBDsSrImRs/ZSxohLpFua4eg4dYwzZva', 'cpoutressnr@cdc.gov', '5109457654', 1, 0, 'Ms'),
(857, 12, 'nbarettens', 'Nil', 'Barette', '$2b$10$lNs8PW2a8V9ZQP0mJKw9XeBDsSrImRs/ZSxohLpFua4eg4dYwzZva', 'nbarettens@marketwatch.com', '1823110029', 1, 0, 'Ms'),
(858, 12, 'fgammidgent', 'Flora', 'Gammidge', '$2b$10$lNs8PW2a8V9ZQP0mJKw9XeBDsSrImRs/ZSxohLpFua4eg4dYwzZva', 'fgammidgent@typepad.com', '7873329178', 1, 0, 'Ms'),
(859, 8, 'ldrancenu', 'Luis', 'Drance', '$2b$10$lNs8PW2a8V9ZQP0mJKw9XeBDsSrImRs/ZSxohLpFua4eg4dYwzZva', 'ldrancenu@google.ca', '6632152937', 1, 0, 'Ms'),
(860, 8, 'jpethybridgenv', 'Jocelyne', 'Pethybridge', '$2b$10$lNs8PW2a8V9ZQP0mJKw9XeBDsSrImRs/ZSxohLpFua4eg4dYwzZva', 'jpethybridgenv@nih.gov', '6651178385', 1, 0, 'Ms'),
(861, 10, 'pbutterfieldnw', 'Perri', 'Butterfield', '$2b$10$lNs8PW2a8V9ZQP0mJKw9XeBDsSrImRs/ZSxohLpFua4eg4dYwzZva', 'pbutterfieldnw@wisc.edu', '4017245056', 1, 0, 'Ms'),
(862, 12, 'adaughtrynx', 'Aksel', 'Daughtry', '$2b$10$lNs8PW2a8V9ZQP0mJKw9XeBDsSrImRs/ZSxohLpFua4eg4dYwzZva', 'adaughtrynx@vinaora.com', '0521392055', 1, 0, 'Ms'),
(863, 8, 'wnehlny', 'Wally', 'Nehl', '$2b$10$lNs8PW2a8V9ZQP0mJKw9XeBDsSrImRs/ZSxohLpFua4eg4dYwzZva', 'wnehlny@zimbio.com', '3359445449', 1, 0, 'Ms'),
(864, 12, 'ekristofferssonnz', 'Elaine', 'Kristoffersson', '$2b$10$lNs8PW2a8V9ZQP0mJKw9XeBDsSrImRs/ZSxohLpFua4eg4dYwzZva', 'ekristofferssonnz@yahoo.com', '4015222741', 1, 0, 'Ms'),
(865, 9, 'mgooleyo0', 'Michel', 'Gooley', '$2b$10$lNs8PW2a8V9ZQP0mJKw9XeBDsSrImRs/ZSxohLpFua4eg4dYwzZva', 'mgooleyo0@reuters.com', '6254541564', 1, 0, 'Ms'),
(866, 11, 'kwestono1', 'Karisa', 'Weston', '$2b$10$lNs8PW2a8V9ZQP0mJKw9XeBDsSrImRs/ZSxohLpFua4eg4dYwzZva', 'kwestono1@google.co.uk', '2882183291', 1, 0, 'Ms'),
(867, 10, 'fdeareo2', 'Florri', 'Deare', '$2b$10$lNs8PW2a8V9ZQP0mJKw9XeBDsSrImRs/ZSxohLpFua4eg4dYwzZva', 'fdeareo2@yahoo.co.jp', '1643495062', 1, 0, 'Ms'),
(868, 12, 'equesneo3', 'Elenore', 'Quesne', '$2b$10$lNs8PW2a8V9ZQP0mJKw9XeBDsSrImRs/ZSxohLpFua4eg4dYwzZva', 'equesneo3@japanpost.jp', '5527167554', 1, 0, 'Ms'),
(869, 11, 'gentwhistleo4', 'Garvy', 'Entwhistle', '$2b$10$lNs8PW2a8V9ZQP0mJKw9XeBDsSrImRs/ZSxohLpFua4eg4dYwzZva', 'gentwhistleo4@4shared.com', '1708687688', 1, 0, 'Ms'),
(870, 11, 'caikmano5', 'Cornell', 'Aikman', '$2b$10$lNs8PW2a8V9ZQP0mJKw9XeBDsSrImRs/ZSxohLpFua4eg4dYwzZva', 'caikmano5@mysql.com', '2857235372', 1, 0, 'Ms'),
(871, 11, 'glansburyo6', 'Giordano', 'Lansbury', '$2b$10$lNs8PW2a8V9ZQP0mJKw9XeBDsSrImRs/ZSxohLpFua4eg4dYwzZva', 'glansburyo6@addthis.com', '5343518028', 1, 0, 'Ms'),
(872, 9, 'gbentameo7', 'Griffin', 'Bentame', '$2b$10$lNs8PW2a8V9ZQP0mJKw9XeBDsSrImRs/ZSxohLpFua4eg4dYwzZva', 'gbentameo7@yahoo.co.jp', '9428399132', 1, 0, 'Ms'),
(873, 8, 'tmoquino8', 'Tally', 'Moquin', '$2b$10$lNs8PW2a8V9ZQP0mJKw9XeBDsSrImRs/ZSxohLpFua4eg4dYwzZva', 'tmoquino8@google.ru', '9283811259', 1, 0, 'Ms'),
(874, 10, 'nklainero9', 'Nicolina', 'Klainer', '$2b$10$lNs8PW2a8V9ZQP0mJKw9XeBDsSrImRs/ZSxohLpFua4eg4dYwzZva', 'nklainero9@blog.com', '9585582619', 1, 0, 'Ms'),
(875, 12, 'bspilleroa', 'Barbette', 'Spiller', '$2b$10$lNs8PW2a8V9ZQP0mJKw9XeBDsSrImRs/ZSxohLpFua4eg4dYwzZva', 'bspilleroa@bravesites.com', '1727470877', 1, 0, 'Ms'),
(876, 10, 'dsprakesob', 'Danila', 'Sprakes', '$2b$10$lNs8PW2a8V9ZQP0mJKw9XeBDsSrImRs/ZSxohLpFua4eg4dYwzZva', 'dsprakesob@adobe.com', '1766765092', 1, 0, 'Ms'),
(877, 11, 'rbarwackoc', 'Rozamond', 'Barwack', '$2b$10$lNs8PW2a8V9ZQP0mJKw9XeBDsSrImRs/ZSxohLpFua4eg4dYwzZva', 'rbarwackoc@oracle.com', '1009940007', 1, 0, 'Ms'),
(878, 8, 'srosettiniod', 'Stacey', 'Rosettini', '$2b$10$lNs8PW2a8V9ZQP0mJKw9XeBDsSrImRs/ZSxohLpFua4eg4dYwzZva', 'srosettiniod@booking.com', '9978861335', 1, 0, 'Ms'),
(879, 10, 'fcraufordoe', 'Fred', 'Crauford', '$2b$10$lNs8PW2a8V9ZQP0mJKw9XeBDsSrImRs/ZSxohLpFua4eg4dYwzZva', 'fcraufordoe@artisteer.com', '2827654784', 1, 0, 'Ms'),
(880, 11, 'mkillwickof', 'Morris', 'Killwick', '$2b$10$lNs8PW2a8V9ZQP0mJKw9XeBDsSrImRs/ZSxohLpFua4eg4dYwzZva', 'mkillwickof@networkadvertising.org', '3213155098', 1, 0, 'Ms'),
(881, 12, 'swildmanog', 'Sumner', 'Wildman', '$2b$10$lNs8PW2a8V9ZQP0mJKw9XeBDsSrImRs/ZSxohLpFua4eg4dYwzZva', 'swildmanog@over-blog.com', '5107700950', 1, 0, 'Ms'),
(882, 11, 'rgiamettioh', 'Redd', 'Giametti', '$2b$10$lNs8PW2a8V9ZQP0mJKw9XeBDsSrImRs/ZSxohLpFua4eg4dYwzZva', 'rgiamettioh@geocities.com', '9050426727', 1, 0, 'Ms'),
(883, 9, 'bpennycookoi', 'Bree', 'Pennycook', '$2b$10$lNs8PW2a8V9ZQP0mJKw9XeBDsSrImRs/ZSxohLpFua4eg4dYwzZva', 'bpennycookoi@noaa.gov', '0899548199', 1, 0, 'Ms'),
(884, 8, 'oheeranoj', 'Ogden', 'Heeran', '$2b$10$lNs8PW2a8V9ZQP0mJKw9XeBDsSrImRs/ZSxohLpFua4eg4dYwzZva', 'oheeranoj@squarespace.com', '0245504257', 1, 0, 'Ms'),
(885, 10, 'jcamusok', 'Juliane', 'Camus', '$2b$10$lNs8PW2a8V9ZQP0mJKw9XeBDsSrImRs/ZSxohLpFua4eg4dYwzZva', 'jcamusok@sciencedirect.com', '8434625539', 1, 0, 'Ms'),
(886, 12, 'binstoneol', 'Brandise', 'Instone', '$2b$10$lNs8PW2a8V9ZQP0mJKw9XeBDsSrImRs/ZSxohLpFua4eg4dYwzZva', 'binstoneol@scribd.com', '6048540329', 1, 0, 'Ms'),
(887, 12, 'crosenbaumom', 'Calli', 'Rosenbaum', '$2b$10$lNs8PW2a8V9ZQP0mJKw9XeBDsSrImRs/ZSxohLpFua4eg4dYwzZva', 'crosenbaumom@symantec.com', '7085855274', 1, 0, 'Ms'),
(888, 10, 'gdunfordon', 'Giuseppe', 'Dunford', '$2b$10$lNs8PW2a8V9ZQP0mJKw9XeBDsSrImRs/ZSxohLpFua4eg4dYwzZva', 'gdunfordon@diigo.com', '4504007800', 1, 0, 'Ms'),
(889, 8, 'kribeyoo', 'Korrie', 'Ribey', '$2b$10$lNs8PW2a8V9ZQP0mJKw9XeBDsSrImRs/ZSxohLpFua4eg4dYwzZva', 'kribeyoo@dion.ne.jp', '2226458689', 1, 0, 'Ms'),
(890, 11, 'jfurslandop', 'Jobye', 'Fursland', '$2b$10$lNs8PW2a8V9ZQP0mJKw9XeBDsSrImRs/ZSxohLpFua4eg4dYwzZva', 'jfurslandop@live.com', '6027164883', 1, 0, 'Ms'),
(891, 11, 'wbartioq', 'Willamina', 'Barti', '$2b$10$lNs8PW2a8V9ZQP0mJKw9XeBDsSrImRs/ZSxohLpFua4eg4dYwzZva', 'wbartioq@e-recht24.de', '5786020762', 1, 0, 'Ms'),
(892, 12, 'rshelborneor', 'Roderick', 'Shelborne', '$2b$10$lNs8PW2a8V9ZQP0mJKw9XeBDsSrImRs/ZSxohLpFua4eg4dYwzZva', 'rshelborneor@ftc.gov', '5898180230', 1, 0, 'Ms'),
(893, 10, 'fprestidgeos', 'Francklin', 'Prestidge', '$2b$10$lNs8PW2a8V9ZQP0mJKw9XeBDsSrImRs/ZSxohLpFua4eg4dYwzZva', 'fprestidgeos@spiegel.de', '9419516873', 1, 0, 'Ms'),
(894, 8, 'pgrisewoodot', 'Peter', 'Grisewood', '$2b$10$lNs8PW2a8V9ZQP0mJKw9XeBDsSrImRs/ZSxohLpFua4eg4dYwzZva', 'pgrisewoodot@1und1.de', '2639802259', 1, 0, 'Ms'),
(895, 12, 'bmccafferkyou', 'Blake', 'McCafferky', '$2b$10$lNs8PW2a8V9ZQP0mJKw9XeBDsSrImRs/ZSxohLpFua4eg4dYwzZva', 'bmccafferkyou@berkeley.edu', '3571925114', 1, 0, 'Ms'),
(896, 9, 'gwarrackov', 'Gibbie', 'Warrack', '$2b$10$lNs8PW2a8V9ZQP0mJKw9XeBDsSrImRs/ZSxohLpFua4eg4dYwzZva', 'gwarrackov@theatlantic.com', '8058728438', 1, 0, 'Ms'),
(897, 12, 'rspraggow', 'Red', 'Spragg', '$2b$10$lNs8PW2a8V9ZQP0mJKw9XeBDsSrImRs/ZSxohLpFua4eg4dYwzZva', 'rspraggow@dagondesign.com', '3507399237', 1, 0, 'Ms'),
(898, 9, 'msnowballox', 'Madonna', 'Snowball', '$2b$10$lNs8PW2a8V9ZQP0mJKw9XeBDsSrImRs/ZSxohLpFua4eg4dYwzZva', 'msnowballox@clickbank.net', '8567643376', 1, 0, 'Ms'),
(899, 12, 'mcolcloughoy', 'Maximilien', 'Colclough', '$2b$10$lNs8PW2a8V9ZQP0mJKw9XeBDsSrImRs/ZSxohLpFua4eg4dYwzZva', 'mcolcloughoy@eepurl.com', '8194109701', 1, 0, 'Ms'),
(900, 8, 'lbeverstockoz', 'Lavina', 'Beverstock', '$2b$10$lNs8PW2a8V9ZQP0mJKw9XeBDsSrImRs/ZSxohLpFua4eg4dYwzZva', 'lbeverstockoz@globo.com', '8881059126', 1, 0, 'Ms'),
(901, 9, 'ncaswellp0', 'Neile', 'Caswell', '$2b$10$lNs8PW2a8V9ZQP0mJKw9XeBDsSrImRs/ZSxohLpFua4eg4dYwzZva', 'ncaswellp0@rediff.com', '6903932364', 1, 0, 'Ms'),
(902, 12, 'fbjorkanp1', 'Ferris', 'Bjorkan', '$2b$10$lNs8PW2a8V9ZQP0mJKw9XeBDsSrImRs/ZSxohLpFua4eg4dYwzZva', 'fbjorkanp1@stanford.edu', '9214303908', 1, 0, 'Ms'),
(903, 9, 'jdulantyp2', 'Jayme', 'Dulanty', '$2b$10$lNs8PW2a8V9ZQP0mJKw9XeBDsSrImRs/ZSxohLpFua4eg4dYwzZva', 'jdulantyp2@linkedin.com', '3540962263', 1, 0, 'Ms'),
(904, 11, 'tenglishbyp3', 'Tarra', 'Englishby', '$2b$10$lNs8PW2a8V9ZQP0mJKw9XeBDsSrImRs/ZSxohLpFua4eg4dYwzZva', 'tenglishbyp3@china.com.cn', '2481195620', 1, 0, 'Ms'),
(905, 9, 'eculkinp4', 'Edgard', 'Culkin', '$2b$10$lNs8PW2a8V9ZQP0mJKw9XeBDsSrImRs/ZSxohLpFua4eg4dYwzZva', 'eculkinp4@fda.gov', '5876729515', 1, 0, 'Ms'),
(906, 11, 'kcaldronip5', 'Kristien', 'Caldroni', '$2b$10$lNs8PW2a8V9ZQP0mJKw9XeBDsSrImRs/ZSxohLpFua4eg4dYwzZva', 'kcaldronip5@dmoz.org', '0036501271', 1, 0, 'Ms'),
(907, 11, 'ygyurkop6', 'Yelena', 'Gyurko', '$2b$10$lNs8PW2a8V9ZQP0mJKw9XeBDsSrImRs/ZSxohLpFua4eg4dYwzZva', 'ygyurkop6@rambler.ru', '3901084894', 1, 0, 'Ms'),
(908, 8, 'iworcsp7', 'Isaac', 'Worcs', '$2b$10$lNs8PW2a8V9ZQP0mJKw9XeBDsSrImRs/ZSxohLpFua4eg4dYwzZva', 'iworcsp7@amazon.co.jp', '2518037462', 1, 0, 'Ms'),
(909, 10, 'elademannp8', 'Elspeth', 'Lademann', '$2b$10$lNs8PW2a8V9ZQP0mJKw9XeBDsSrImRs/ZSxohLpFua4eg4dYwzZva', 'elademannp8@jimdo.com', '2399931564', 1, 0, 'Ms'),
(910, 10, 'ntapinp9', 'Nikolas', 'Tapin', '$2b$10$lNs8PW2a8V9ZQP0mJKw9XeBDsSrImRs/ZSxohLpFua4eg4dYwzZva', 'ntapinp9@github.com', '8514206826', 1, 0, 'Ms'),
(911, 11, 'jfouracrepa', 'Jade', 'Fouracre', '$2b$10$lNs8PW2a8V9ZQP0mJKw9XeBDsSrImRs/ZSxohLpFua4eg4dYwzZva', 'jfouracrepa@dropbox.com', '9573360373', 1, 0, 'Ms'),
(912, 10, 'hmedewaypb', 'Harli', 'Medeway', '$2b$10$lNs8PW2a8V9ZQP0mJKw9XeBDsSrImRs/ZSxohLpFua4eg4dYwzZva', 'hmedewaypb@zdnet.com', '0200176706', 1, 0, 'Ms'),
(913, 12, 'rhechlinpc', 'Rosetta', 'Hechlin', '$2b$10$lNs8PW2a8V9ZQP0mJKw9XeBDsSrImRs/ZSxohLpFua4eg4dYwzZva', 'rhechlinpc@twitpic.com', '2813782599', 1, 0, 'Ms'),
(914, 9, 'vremerpd', 'Vassily', 'Remer', '$2b$10$lNs8PW2a8V9ZQP0mJKw9XeBDsSrImRs/ZSxohLpFua4eg4dYwzZva', 'vremerpd@paypal.com', '1373563044', 1, 0, 'Ms'),
(915, 11, 'kpennipe', 'Kelli', 'Penni', '$2b$10$lNs8PW2a8V9ZQP0mJKw9XeBDsSrImRs/ZSxohLpFua4eg4dYwzZva', 'kpennipe@rakuten.co.jp', '0933528140', 1, 0, 'Ms'),
(916, 9, 'wtowlsonpf', 'West', 'Towlson', '$2b$10$lNs8PW2a8V9ZQP0mJKw9XeBDsSrImRs/ZSxohLpFua4eg4dYwzZva', 'wtowlsonpf@dyndns.org', '5689079847', 1, 0, 'Ms'),
(917, 8, 'gcardoepg', 'Griselda', 'Cardoe', '$2b$10$lNs8PW2a8V9ZQP0mJKw9XeBDsSrImRs/ZSxohLpFua4eg4dYwzZva', 'gcardoepg@bloomberg.com', '3620516952', 1, 0, 'Ms'),
(918, 10, 'tnaptineph', 'Towny', 'Naptine', '$2b$10$lNs8PW2a8V9ZQP0mJKw9XeBDsSrImRs/ZSxohLpFua4eg4dYwzZva', 'tnaptineph@stumbleupon.com', '9509927988', 1, 0, 'Ms'),
(919, 11, 'linglesfieldpi', 'Lorinda', 'Inglesfield', '$2b$10$lNs8PW2a8V9ZQP0mJKw9XeBDsSrImRs/ZSxohLpFua4eg4dYwzZva', 'linglesfieldpi@tiny.cc', '9804551020', 1, 0, 'Ms'),
(920, 12, 'swicklenpj', 'Sapphira', 'Wicklen', '$2b$10$lNs8PW2a8V9ZQP0mJKw9XeBDsSrImRs/ZSxohLpFua4eg4dYwzZva', 'swicklenpj@cisco.com', '4027401727', 1, 0, 'Ms'),
(921, 10, 'gworsleypk', 'Grayce', 'Worsley', '$2b$10$lNs8PW2a8V9ZQP0mJKw9XeBDsSrImRs/ZSxohLpFua4eg4dYwzZva', 'gworsleypk@dell.com', '9286530277', 1, 0, 'Ms'),
(922, 10, 'lheinzpl', 'Lindsy', 'Heinz', '$2b$10$lNs8PW2a8V9ZQP0mJKw9XeBDsSrImRs/ZSxohLpFua4eg4dYwzZva', 'lheinzpl@opensource.org', '1755546602', 1, 0, 'Ms'),
(923, 11, 'rgoalbypm', 'Raleigh', 'Goalby', '$2b$10$lNs8PW2a8V9ZQP0mJKw9XeBDsSrImRs/ZSxohLpFua4eg4dYwzZva', 'rgoalbypm@yandex.ru', '0533464536', 1, 0, 'Ms'),
(924, 12, 'lburtonpn', 'Leroy', 'Burton', '$2b$10$lNs8PW2a8V9ZQP0mJKw9XeBDsSrImRs/ZSxohLpFua4eg4dYwzZva', 'lburtonpn@soundcloud.com', '4484970635', 1, 0, 'Ms'),
(925, 8, 'gcurbishleypo', 'Glendon', 'Curbishley', '$2b$10$lNs8PW2a8V9ZQP0mJKw9XeBDsSrImRs/ZSxohLpFua4eg4dYwzZva', 'gcurbishleypo@paginegialle.it', '3682194320', 1, 0, 'Ms'),
(926, 10, 'rkubelkapp', 'Reilly', 'Kubelka', '$2b$10$lNs8PW2a8V9ZQP0mJKw9XeBDsSrImRs/ZSxohLpFua4eg4dYwzZva', 'rkubelkapp@squarespace.com', '9360347221', 1, 0, 'Ms'),
(927, 12, 'dtallispq', 'Dierdre', 'Tallis', '$2b$10$lNs8PW2a8V9ZQP0mJKw9XeBDsSrImRs/ZSxohLpFua4eg4dYwzZva', 'dtallispq@businessweek.com', '4600521684', 1, 0, 'Ms'),
(928, 8, 'mmustillpr', 'Mendel', 'Mustill', '$2b$10$lNs8PW2a8V9ZQP0mJKw9XeBDsSrImRs/ZSxohLpFua4eg4dYwzZva', 'mmustillpr@cyberchimps.com', '1089084684', 1, 0, 'Ms'),
(929, 11, 'dkasperps', 'Davidson', 'Kasper', '$2b$10$lNs8PW2a8V9ZQP0mJKw9XeBDsSrImRs/ZSxohLpFua4eg4dYwzZva', 'dkasperps@nytimes.com', '2430270382', 1, 0, 'Ms'),
(930, 12, 'dhallgoughpt', 'Doug', 'Hall-Gough', '$2b$10$lNs8PW2a8V9ZQP0mJKw9XeBDsSrImRs/ZSxohLpFua4eg4dYwzZva', 'dhallgoughpt@salon.com', '1930308574', 1, 0, 'Ms'),
(931, 9, 'lfrightpu', 'Lotti', 'Fright', '$2b$10$lNs8PW2a8V9ZQP0mJKw9XeBDsSrImRs/ZSxohLpFua4eg4dYwzZva', 'lfrightpu@yandex.ru', '0323374182', 1, 0, 'Ms'),
(932, 10, 'nnipperpv', 'Neila', 'Nipper', '$2b$10$lNs8PW2a8V9ZQP0mJKw9XeBDsSrImRs/ZSxohLpFua4eg4dYwzZva', 'nnipperpv@miibeian.gov.cn', '5073125452', 1, 0, 'Ms'),
(933, 12, 'ctoomeypw', 'Cyril', 'Toomey', '$2b$10$lNs8PW2a8V9ZQP0mJKw9XeBDsSrImRs/ZSxohLpFua4eg4dYwzZva', 'ctoomeypw@webnode.com', '6106467854', 1, 0, 'Ms'),
(934, 8, 'tsailspx', 'Tilda', 'Sails', '$2b$10$lNs8PW2a8V9ZQP0mJKw9XeBDsSrImRs/ZSxohLpFua4eg4dYwzZva', 'tsailspx@ft.com', '8460125491', 1, 0, 'Ms'),
(935, 9, 'eavenpy', 'Eleni', 'Aven', '$2b$10$lNs8PW2a8V9ZQP0mJKw9XeBDsSrImRs/ZSxohLpFua4eg4dYwzZva', 'eavenpy@skyrock.com', '6925476280', 1, 0, 'Ms'),
(936, 12, 'koutrampz', 'Karita', 'Outram', '$2b$10$lNs8PW2a8V9ZQP0mJKw9XeBDsSrImRs/ZSxohLpFua4eg4dYwzZva', 'koutrampz@wikipedia.org', '7044012809', 1, 0, 'Ms');
INSERT INTO `student` (`id`, `grade_id`, `username`, `name`, `surname`, `password`, `email`, `id_number`, `active`, `rank`, `title`) VALUES
(937, 11, 'vsutterbyq0', 'Valentine', 'Sutterby', '$2b$10$lNs8PW2a8V9ZQP0mJKw9XeBDsSrImRs/ZSxohLpFua4eg4dYwzZva', 'vsutterbyq0@craigslist.org', '9170415196', 1, 0, 'Ms'),
(938, 11, 'mmeakerq1', 'Minnaminnie', 'Meaker', '$2b$10$lNs8PW2a8V9ZQP0mJKw9XeBDsSrImRs/ZSxohLpFua4eg4dYwzZva', 'mmeakerq1@cocolog-nifty.com', '7780430006', 1, 0, 'Ms'),
(939, 10, 'rabrahamowitczq2', 'Rory', 'Abrahamowitcz', '$2b$10$lNs8PW2a8V9ZQP0mJKw9XeBDsSrImRs/ZSxohLpFua4eg4dYwzZva', 'rabrahamowitczq2@house.gov', '8734255222', 1, 0, 'Ms'),
(940, 8, 'adangerfieldq3', 'Aggy', 'Dangerfield', '$2b$10$lNs8PW2a8V9ZQP0mJKw9XeBDsSrImRs/ZSxohLpFua4eg4dYwzZva', 'adangerfieldq3@icio.us', '4666711139', 1, 0, 'Ms'),
(941, 8, 'chalseyq4', 'Cherie', 'Halsey', '$2b$10$lNs8PW2a8V9ZQP0mJKw9XeBDsSrImRs/ZSxohLpFua4eg4dYwzZva', 'chalseyq4@istockphoto.com', '1412241006', 1, 0, 'Ms'),
(942, 9, 'dacoryq5', 'Dael', 'Acory', '$2b$10$lNs8PW2a8V9ZQP0mJKw9XeBDsSrImRs/ZSxohLpFua4eg4dYwzZva', 'dacoryq5@baidu.com', '1170322468', 1, 0, 'Ms'),
(943, 8, 'nwisniewskiq6', 'Nikolaos', 'Wisniewski', '$2b$10$lNs8PW2a8V9ZQP0mJKw9XeBDsSrImRs/ZSxohLpFua4eg4dYwzZva', 'nwisniewskiq6@plala.or.jp', '8120996712', 1, 0, 'Ms'),
(944, 8, 'rbenyanq7', 'Rachael', 'Benyan', '$2b$10$lNs8PW2a8V9ZQP0mJKw9XeBDsSrImRs/ZSxohLpFua4eg4dYwzZva', 'rbenyanq7@mac.com', '7222853529', 1, 0, 'Ms'),
(945, 9, 'lwheldonq8', 'Lorry', 'Wheldon', '$2b$10$lNs8PW2a8V9ZQP0mJKw9XeBDsSrImRs/ZSxohLpFua4eg4dYwzZva', 'lwheldonq8@globo.com', '1044167556', 1, 0, 'Ms'),
(946, 9, 'ahurdq9', 'Arlina', 'Hurd', '$2b$10$lNs8PW2a8V9ZQP0mJKw9XeBDsSrImRs/ZSxohLpFua4eg4dYwzZva', 'ahurdq9@gravatar.com', '9544899626', 1, 0, 'Ms'),
(947, 12, 'mmaccaigqa', 'Marybeth', 'Maccaig', '$2b$10$lNs8PW2a8V9ZQP0mJKw9XeBDsSrImRs/ZSxohLpFua4eg4dYwzZva', 'mmaccaigqa@pbs.org', '3233651791', 1, 0, 'Ms'),
(948, 11, 'fmiddlemissqb', 'Fallon', 'Middlemiss', '$2b$10$lNs8PW2a8V9ZQP0mJKw9XeBDsSrImRs/ZSxohLpFua4eg4dYwzZva', 'fmiddlemissqb@e-recht24.de', '1009276360', 1, 0, 'Ms'),
(949, 10, 'mguisbyqc', 'Meier', 'Guisby', '$2b$10$lNs8PW2a8V9ZQP0mJKw9XeBDsSrImRs/ZSxohLpFua4eg4dYwzZva', 'mguisbyqc@shutterfly.com', '5278520388', 1, 0, 'Ms'),
(950, 11, 'ltipensqd', 'Lucien', 'Tipens', '$2b$10$lNs8PW2a8V9ZQP0mJKw9XeBDsSrImRs/ZSxohLpFua4eg4dYwzZva', 'ltipensqd@mashable.com', '1831187965', 1, 0, 'Ms'),
(951, 11, 'whazlewoodqe', 'Willamina', 'Hazlewood', '$2b$10$lNs8PW2a8V9ZQP0mJKw9XeBDsSrImRs/ZSxohLpFua4eg4dYwzZva', 'whazlewoodqe@comsenz.com', '7605725671', 1, 0, 'Ms'),
(952, 9, 'aminersqf', 'Anthea', 'Miners', '$2b$10$lNs8PW2a8V9ZQP0mJKw9XeBDsSrImRs/ZSxohLpFua4eg4dYwzZva', 'aminersqf@army.mil', '1826410384', 1, 0, 'Ms'),
(953, 12, 'gzorenqg', 'Gayle', 'Zoren', '$2b$10$lNs8PW2a8V9ZQP0mJKw9XeBDsSrImRs/ZSxohLpFua4eg4dYwzZva', 'gzorenqg@i2i.jp', '6962463952', 1, 0, 'Ms'),
(954, 12, 'czellnerqh', 'Chaunce', 'Zellner', '$2b$10$lNs8PW2a8V9ZQP0mJKw9XeBDsSrImRs/ZSxohLpFua4eg4dYwzZva', 'czellnerqh@buzzfeed.com', '8408488015', 1, 0, 'Ms'),
(955, 8, 'bthakeqi', 'Bari', 'Thake', '$2b$10$lNs8PW2a8V9ZQP0mJKw9XeBDsSrImRs/ZSxohLpFua4eg4dYwzZva', 'bthakeqi@walmart.com', '8160049870', 1, 0, 'Ms'),
(956, 11, 'nlangworthyqj', 'Nicolais', 'Langworthy', '$2b$10$lNs8PW2a8V9ZQP0mJKw9XeBDsSrImRs/ZSxohLpFua4eg4dYwzZva', 'nlangworthyqj@usda.gov', '4178271695', 1, 0, 'Ms'),
(957, 9, 'btansleyqk', 'Brande', 'Tansley', '$2b$10$lNs8PW2a8V9ZQP0mJKw9XeBDsSrImRs/ZSxohLpFua4eg4dYwzZva', 'btansleyqk@mlb.com', '6288800546', 1, 0, 'Ms'),
(958, 12, 'jvittelql', 'Janenna', 'Vittel', '$2b$10$lNs8PW2a8V9ZQP0mJKw9XeBDsSrImRs/ZSxohLpFua4eg4dYwzZva', 'jvittelql@woothemes.com', '0642398798', 1, 0, 'Ms'),
(959, 11, 'ajegerqm', 'Alasdair', 'Jeger', '$2b$10$lNs8PW2a8V9ZQP0mJKw9XeBDsSrImRs/ZSxohLpFua4eg4dYwzZva', 'ajegerqm@xrea.com', '2490730940', 1, 0, 'Ms'),
(960, 8, 'ctaffurelliqn', 'Cynthia', 'Taffurelli', '$2b$10$lNs8PW2a8V9ZQP0mJKw9XeBDsSrImRs/ZSxohLpFua4eg4dYwzZva', 'ctaffurelliqn@fotki.com', '2995022064', 1, 0, 'Ms'),
(961, 9, 'gellawayqo', 'Ginnie', 'Ellaway', '$2b$10$lNs8PW2a8V9ZQP0mJKw9XeBDsSrImRs/ZSxohLpFua4eg4dYwzZva', 'gellawayqo@fotki.com', '7172488946', 1, 0, 'Ms'),
(962, 10, 'gwheatmanqp', 'Gratiana', 'Wheatman', '$2b$10$lNs8PW2a8V9ZQP0mJKw9XeBDsSrImRs/ZSxohLpFua4eg4dYwzZva', 'gwheatmanqp@scientificamerican.com', '9236306748', 1, 0, 'Ms'),
(963, 12, 'cgravenorqq', 'Clare', 'Gravenor', '$2b$10$lNs8PW2a8V9ZQP0mJKw9XeBDsSrImRs/ZSxohLpFua4eg4dYwzZva', 'cgravenorqq@reverbnation.com', '0202956164', 1, 0, 'Ms'),
(964, 11, 'rlileqr', 'Rafael', 'Lile', '$2b$10$lNs8PW2a8V9ZQP0mJKw9XeBDsSrImRs/ZSxohLpFua4eg4dYwzZva', 'rlileqr@simplemachines.org', '2599963435', 1, 0, 'Ms'),
(965, 12, 'theustaceqs', 'Tod', 'Heustace', '$2b$10$lNs8PW2a8V9ZQP0mJKw9XeBDsSrImRs/ZSxohLpFua4eg4dYwzZva', 'theustaceqs@gravatar.com', '6609276145', 1, 0, 'Ms'),
(966, 9, 'itrimmellqt', 'Inger', 'Trimmell', '$2b$10$lNs8PW2a8V9ZQP0mJKw9XeBDsSrImRs/ZSxohLpFua4eg4dYwzZva', 'itrimmellqt@nba.com', '6115455642', 1, 0, 'Ms'),
(967, 10, 'vletherburyqu', 'Vasili', 'Letherbury', '$2b$10$lNs8PW2a8V9ZQP0mJKw9XeBDsSrImRs/ZSxohLpFua4eg4dYwzZva', 'vletherburyqu@123-reg.co.uk', '7841051484', 1, 0, 'Ms'),
(968, 9, 'kfrapwellqv', 'Kendra', 'Frapwell', '$2b$10$lNs8PW2a8V9ZQP0mJKw9XeBDsSrImRs/ZSxohLpFua4eg4dYwzZva', 'kfrapwellqv@nba.com', '7498536463', 1, 0, 'Ms'),
(969, 12, 'sarnettqw', 'Sarette', 'Arnett', '$2b$10$lNs8PW2a8V9ZQP0mJKw9XeBDsSrImRs/ZSxohLpFua4eg4dYwzZva', 'sarnettqw@chronoengine.com', '0057118981', 1, 0, 'Ms'),
(970, 10, 'bbedellsqx', 'Brigida', 'Bedells', '$2b$10$lNs8PW2a8V9ZQP0mJKw9XeBDsSrImRs/ZSxohLpFua4eg4dYwzZva', 'bbedellsqx@yandex.ru', '1662519877', 1, 0, 'Ms'),
(971, 8, 'cjaunceyqy', 'Corri', 'Jauncey', '$2b$10$lNs8PW2a8V9ZQP0mJKw9XeBDsSrImRs/ZSxohLpFua4eg4dYwzZva', 'cjaunceyqy@mapquest.com', '1281549010', 1, 0, 'Ms'),
(972, 8, 'jhadlandqz', 'Jacquelyn', 'Hadland', '$2b$10$lNs8PW2a8V9ZQP0mJKw9XeBDsSrImRs/ZSxohLpFua4eg4dYwzZva', 'jhadlandqz@nba.com', '9138074079', 1, 0, 'Ms'),
(973, 11, 'kchomickir0', 'Kimberli', 'Chomicki', '$2b$10$lNs8PW2a8V9ZQP0mJKw9XeBDsSrImRs/ZSxohLpFua4eg4dYwzZva', 'kchomickir0@drupal.org', '3175602541', 1, 0, 'Ms'),
(974, 11, 'marrellr1', 'Mitchael', 'Arrell', '$2b$10$lNs8PW2a8V9ZQP0mJKw9XeBDsSrImRs/ZSxohLpFua4eg4dYwzZva', 'marrellr1@hugedomains.com', '4791155475', 1, 0, 'Ms'),
(975, 11, 'cmargettsr2', 'Caralie', 'Margetts', '$2b$10$lNs8PW2a8V9ZQP0mJKw9XeBDsSrImRs/ZSxohLpFua4eg4dYwzZva', 'cmargettsr2@google.cn', '5000512855', 1, 0, 'Ms'),
(976, 12, 'aiacovaccior3', 'Alfonso', 'Iacovaccio', '$2b$10$lNs8PW2a8V9ZQP0mJKw9XeBDsSrImRs/ZSxohLpFua4eg4dYwzZva', 'aiacovaccior3@stanford.edu', '5123902260', 1, 0, 'Ms'),
(977, 8, 'mkhidrr4', 'Mariette', 'Khidr', '$2b$10$lNs8PW2a8V9ZQP0mJKw9XeBDsSrImRs/ZSxohLpFua4eg4dYwzZva', 'mkhidrr4@dmoz.org', '2079886711', 1, 0, 'Ms'),
(978, 11, 'lfleischerr5', 'Lorens', 'Fleischer', '$2b$10$lNs8PW2a8V9ZQP0mJKw9XeBDsSrImRs/ZSxohLpFua4eg4dYwzZva', 'lfleischerr5@state.tx.us', '4936562955', 1, 0, 'Ms'),
(979, 10, 'abrandrethr6', 'Auberon', 'Brandreth', '$2b$10$lNs8PW2a8V9ZQP0mJKw9XeBDsSrImRs/ZSxohLpFua4eg4dYwzZva', 'abrandrethr6@g.co', '3818071713', 1, 0, 'Ms'),
(980, 12, 'leddingtonr7', 'Lynea', 'Eddington', '$2b$10$lNs8PW2a8V9ZQP0mJKw9XeBDsSrImRs/ZSxohLpFua4eg4dYwzZva', 'leddingtonr7@networksolutions.com', '6424325352', 1, 0, 'Ms'),
(981, 8, 'kvossr8', 'Kiri', 'Voss', '$2b$10$lNs8PW2a8V9ZQP0mJKw9XeBDsSrImRs/ZSxohLpFua4eg4dYwzZva', 'kvossr8@dropbox.com', '5537000830', 1, 0, 'Ms'),
(982, 11, 'pbrucer9', 'Pincus', 'Bruce', '$2b$10$lNs8PW2a8V9ZQP0mJKw9XeBDsSrImRs/ZSxohLpFua4eg4dYwzZva', 'pbrucer9@last.fm', '6476524933', 1, 0, 'Ms'),
(983, 9, 'mwestbergra', 'Margarita', 'Westberg', '$2b$10$lNs8PW2a8V9ZQP0mJKw9XeBDsSrImRs/ZSxohLpFua4eg4dYwzZva', 'mwestbergra@youtu.be', '3612668463', 1, 0, 'Ms'),
(984, 11, 'kmoormanrb', 'Kirsti', 'Moorman', '$2b$10$lNs8PW2a8V9ZQP0mJKw9XeBDsSrImRs/ZSxohLpFua4eg4dYwzZva', 'kmoormanrb@intel.com', '1881782719', 1, 0, 'Ms'),
(985, 11, 'bbodycomberc', 'Bianca', 'Bodycombe', '$2b$10$lNs8PW2a8V9ZQP0mJKw9XeBDsSrImRs/ZSxohLpFua4eg4dYwzZva', 'bbodycomberc@pen.io', '6113097188', 1, 0, 'Ms'),
(986, 11, 'dalgierd', 'Doralyn', 'Algie', '$2b$10$lNs8PW2a8V9ZQP0mJKw9XeBDsSrImRs/ZSxohLpFua4eg4dYwzZva', 'dalgierd@imageshack.us', '6371799428', 1, 0, 'Ms'),
(987, 12, 'rjindrare', 'Rudolph', 'Jindra', '$2b$10$lNs8PW2a8V9ZQP0mJKw9XeBDsSrImRs/ZSxohLpFua4eg4dYwzZva', 'rjindrare@ebay.co.uk', '1666741515', 1, 0, 'Ms'),
(988, 11, 'hloxstonrf', 'Hatty', 'Loxston', '$2b$10$lNs8PW2a8V9ZQP0mJKw9XeBDsSrImRs/ZSxohLpFua4eg4dYwzZva', 'hloxstonrf@google.com', '1868738418', 1, 0, 'Ms'),
(989, 9, 'nmcbreartyrg', 'Niccolo', 'McBrearty', '$2b$10$lNs8PW2a8V9ZQP0mJKw9XeBDsSrImRs/ZSxohLpFua4eg4dYwzZva', 'nmcbreartyrg@nasa.gov', '0082356467', 1, 0, 'Ms'),
(990, 10, 'ykaysorrh', 'Yoshiko', 'Kaysor', '$2b$10$lNs8PW2a8V9ZQP0mJKw9XeBDsSrImRs/ZSxohLpFua4eg4dYwzZva', 'ykaysorrh@chicagotribune.com', '5494612465', 1, 0, 'Ms'),
(991, 12, 'cmaylinri', 'Cirilo', 'Maylin', '$2b$10$lNs8PW2a8V9ZQP0mJKw9XeBDsSrImRs/ZSxohLpFua4eg4dYwzZva', 'cmaylinri@narod.ru', '4472845482', 1, 0, 'Ms'),
(992, 9, 'jgrattanrj', 'Jordanna', 'Grattan', '$2b$10$lNs8PW2a8V9ZQP0mJKw9XeBDsSrImRs/ZSxohLpFua4eg4dYwzZva', 'jgrattanrj@prweb.com', '0038141264', 1, 0, 'Ms'),
(993, 12, 'awhatmanrk', 'Andy', 'Whatman', '$2b$10$lNs8PW2a8V9ZQP0mJKw9XeBDsSrImRs/ZSxohLpFua4eg4dYwzZva', 'awhatmanrk@forbes.com', '2090063890', 1, 0, 'Ms'),
(994, 10, 'gdysterrl', 'Gui', 'Dyster', '$2b$10$lNs8PW2a8V9ZQP0mJKw9XeBDsSrImRs/ZSxohLpFua4eg4dYwzZva', 'gdysterrl@google.nl', '2267511789', 1, 0, 'Ms'),
(995, 9, 'cjennionsrm', 'Consolata', 'Jennions', '$2b$10$lNs8PW2a8V9ZQP0mJKw9XeBDsSrImRs/ZSxohLpFua4eg4dYwzZva', 'cjennionsrm@netlog.com', '7562962731', 1, 0, 'Ms'),
(996, 10, 'fgorglrn', 'Felita', 'Gorgl', '$2b$10$lNs8PW2a8V9ZQP0mJKw9XeBDsSrImRs/ZSxohLpFua4eg4dYwzZva', 'fgorglrn@ftc.gov', '1461764335', 1, 0, 'Ms'),
(997, 12, 'mgrigolonro', 'Mylo', 'Grigolon', '$2b$10$lNs8PW2a8V9ZQP0mJKw9XeBDsSrImRs/ZSxohLpFua4eg4dYwzZva', 'mgrigolonro@1688.com', '6301731484', 1, 0, 'Ms'),
(998, 12, 'rmeakinrp', 'Rori', 'Meakin', '$2b$10$lNs8PW2a8V9ZQP0mJKw9XeBDsSrImRs/ZSxohLpFua4eg4dYwzZva', 'rmeakinrp@tinypic.com', '8142180707', 1, 0, 'Ms'),
(999, 11, 'abaalhamrq', 'Alys', 'Baalham', '$2b$10$lNs8PW2a8V9ZQP0mJKw9XeBDsSrImRs/ZSxohLpFua4eg4dYwzZva', 'abaalhamrq@walmart.com', '4550513837', 1, 0, 'Ms'),
(1000, 10, 'esargisonrr', 'Emelda', 'Sargison', '$2b$10$lNs8PW2a8V9ZQP0mJKw9XeBDsSrImRs/ZSxohLpFua4eg4dYwzZva', 'esargisonrr@bbc.co.uk', '5461339255', 1, 0, 'Ms');

-- --------------------------------------------------------

--
-- Table structure for table `student_subjects`
--

CREATE TABLE `student_subjects` (
  `student_id` int(11) NOT NULL,
  `subject` int(100) NOT NULL
) ENGINE=InnoDB DEFAULT CHARSET=utf8;

--
-- Dumping data for table `student_subjects`
--

INSERT INTO `student_subjects` (`student_id`, `subject`) VALUES
(1, 2),
(1, 3),
(1, 4),
(1, 5),
(1, 6),
(1, 7),
(1, 8),
(1, 9),
(1, 10),
(2, 2),
(2, 3),
(2, 4),
(2, 5),
(2, 6),
(2, 7),
(2, 8),
(2, 9),
(2, 10),
(19, 2),
(19, 3),
(19, 4),
(19, 5),
(19, 6),
(19, 7),
(19, 8),
(19, 9),
(19, 10),
(25, 2),
(25, 3),
(25, 4),
(25, 5),
(25, 6),
(25, 7),
(25, 8),
(25, 9),
(25, 10),
(26, 2),
(26, 3),
(26, 4),
(26, 5),
(26, 6),
(26, 7),
(26, 8),
(26, 9),
(26, 10),
(36, 2),
(36, 3),
(36, 4),
(36, 5),
(36, 6),
(36, 7),
(36, 8),
(36, 9),
(36, 10),
(42, 2),
(42, 3),
(42, 4),
(42, 5),
(42, 6),
(42, 7),
(42, 8),
(42, 9),
(42, 10),
(45, 2),
(45, 3),
(45, 4),
(45, 5),
(45, 6),
(45, 7),
(45, 8),
(45, 9),
(45, 10),
(58, 2),
(58, 3),
(58, 4),
(58, 5),
(58, 6),
(58, 7),
(58, 8),
(58, 9),
(58, 10),
(62, 2),
(62, 3),
(62, 4),
(62, 5),
(62, 6),
(62, 7),
(62, 8),
(62, 9),
(62, 10),
(66, 2),
(66, 3),
(66, 4),
(66, 5),
(66, 6),
(66, 7),
(66, 8),
(66, 9),
(66, 10),
(73, 2),
(73, 3),
(73, 4),
(73, 5),
(73, 6),
(73, 7),
(73, 8),
(73, 9),
(73, 10),
(78, 2),
(78, 3),
(78, 4),
(78, 5),
(78, 6),
(78, 7),
(78, 8),
(78, 9),
(78, 10),
(80, 2),
(80, 3),
(80, 4),
(80, 5),
(80, 6),
(80, 7),
(80, 8),
(80, 9),
(80, 10),
(85, 2),
(85, 3),
(85, 4),
(85, 5),
(85, 6),
(85, 7),
(85, 8),
(85, 9),
(85, 10),
(88, 2),
(88, 3),
(88, 4),
(88, 5),
(88, 6),
(88, 7),
(88, 8),
(88, 9),
(88, 10),
(89, 2),
(89, 3),
(89, 4),
(89, 5),
(89, 6),
(89, 7),
(89, 8),
(89, 9),
(89, 10),
(92, 2),
(92, 3),
(92, 4),
(92, 5),
(92, 6),
(92, 7),
(92, 8),
(92, 9),
(92, 10),
(100, 2),
(100, 3),
(100, 4),
(100, 5),
(100, 6),
(100, 7),
(100, 8),
(100, 9),
(100, 10),
(103, 2),
(103, 3),
(103, 4),
(103, 5),
(103, 6),
(103, 7),
(103, 8),
(103, 9),
(103, 10),
(116, 2),
(116, 3),
(116, 4),
(116, 5),
(116, 6),
(116, 7),
(116, 8),
(116, 9),
(116, 10),
(125, 2),
(125, 3),
(125, 4),
(125, 5),
(125, 6),
(125, 7),
(125, 8),
(125, 9),
(125, 10),
(128, 2),
(128, 3),
(128, 4),
(128, 5),
(128, 6),
(128, 7),
(128, 8),
(128, 9),
(128, 10),
(148, 2),
(148, 3),
(148, 4),
(148, 5),
(148, 6),
(148, 7),
(148, 8),
(148, 9),
(148, 10),
(153, 2),
(153, 3),
(153, 4),
(153, 5),
(153, 6),
(153, 7),
(153, 8),
(153, 9),
(153, 10),
(162, 2),
(162, 3),
(162, 4),
(162, 5),
(162, 6),
(162, 7),
(162, 8),
(162, 9),
(162, 10),
(165, 2),
(165, 3),
(165, 4),
(165, 5),
(165, 6),
(165, 7),
(165, 8),
(165, 9),
(165, 10),
(166, 2),
(166, 3),
(166, 4),
(166, 5),
(166, 6),
(166, 7),
(166, 8),
(166, 9),
(166, 10),
(173, 2),
(173, 3),
(173, 4),
(173, 5),
(173, 6),
(173, 7),
(173, 8),
(173, 9),
(173, 10),
(176, 2),
(176, 3),
(176, 4),
(176, 5),
(176, 6),
(176, 7),
(176, 8),
(176, 9),
(176, 10),
(178, 2),
(178, 3),
(178, 4),
(178, 5),
(178, 6),
(178, 7),
(178, 8),
(178, 9),
(178, 10),
(179, 2),
(179, 3),
(179, 4),
(179, 5),
(179, 6),
(179, 7),
(179, 8),
(179, 9),
(179, 10),
(180, 2),
(180, 3),
(180, 4),
(180, 5),
(180, 6),
(180, 7),
(180, 8),
(180, 9),
(180, 10),
(195, 2),
(195, 3),
(195, 4),
(195, 5),
(195, 6),
(195, 7),
(195, 8),
(195, 9),
(195, 10),
(197, 2),
(197, 3),
(197, 4),
(197, 5),
(197, 6),
(197, 7),
(197, 8),
(197, 9),
(197, 10),
(199, 2),
(199, 3),
(199, 4),
(199, 5),
(199, 6),
(199, 7),
(199, 8),
(199, 9),
(199, 10),
(212, 2),
(212, 3),
(212, 4),
(212, 5),
(212, 6),
(212, 7),
(212, 8),
(212, 9),
(212, 10),
(215, 2),
(215, 3),
(215, 4),
(215, 5),
(215, 6),
(215, 7),
(215, 8),
(215, 9),
(215, 10),
(217, 2),
(217, 3),
(217, 4),
(217, 5),
(217, 6),
(217, 7),
(217, 8),
(217, 9),
(217, 10),
(220, 2),
(220, 3),
(220, 4),
(220, 5),
(220, 6),
(220, 7),
(220, 8),
(220, 9),
(220, 10),
(223, 2),
(223, 3),
(223, 4),
(223, 5),
(223, 6),
(223, 7),
(223, 8),
(223, 9),
(223, 10),
(231, 2),
(231, 3),
(231, 4),
(231, 5),
(231, 6),
(231, 7),
(231, 8),
(231, 9),
(231, 10),
(234, 2),
(234, 3),
(234, 4),
(234, 5),
(234, 6),
(234, 7),
(234, 8),
(234, 9),
(234, 10),
(251, 2),
(251, 3),
(251, 4),
(251, 5),
(251, 6),
(251, 7),
(251, 8),
(251, 9),
(251, 10),
(256, 2),
(256, 3),
(256, 4),
(256, 5),
(256, 6),
(256, 7),
(256, 8),
(256, 9),
(256, 10),
(260, 2),
(260, 3),
(260, 4),
(260, 5),
(260, 6),
(260, 7),
(260, 8),
(260, 9),
(260, 10),
(264, 2),
(264, 3),
(264, 4),
(264, 5),
(264, 6),
(264, 7),
(264, 8),
(264, 9),
(264, 10),
(265, 2),
(265, 3),
(265, 4),
(265, 5),
(265, 6),
(265, 7),
(265, 8),
(265, 9),
(265, 10),
(269, 2),
(269, 3),
(269, 4),
(269, 5),
(269, 6),
(269, 7),
(269, 8),
(269, 9),
(269, 10),
(271, 2),
(271, 3),
(271, 4),
(271, 5),
(271, 6),
(271, 7),
(271, 8),
(271, 9),
(271, 10),
(278, 2),
(278, 3),
(278, 4),
(278, 5),
(278, 6),
(278, 7),
(278, 8),
(278, 9),
(278, 10),
(279, 2),
(279, 3),
(279, 4),
(279, 5),
(279, 6),
(279, 7),
(279, 8),
(279, 9),
(279, 10),
(280, 2),
(280, 3),
(280, 4),
(280, 5),
(280, 6),
(280, 7),
(280, 8),
(280, 9),
(280, 10),
(284, 2),
(284, 3),
(284, 4),
(284, 5),
(284, 6),
(284, 7),
(284, 8),
(284, 9),
(284, 10),
(301, 2),
(301, 3),
(301, 4),
(301, 5),
(301, 6),
(301, 7),
(301, 8),
(301, 9),
(301, 10),
(302, 2),
(302, 3),
(302, 4),
(302, 5),
(302, 6),
(302, 7),
(302, 8),
(302, 9),
(302, 10),
(303, 2),
(303, 3),
(303, 4),
(303, 5),
(303, 6),
(303, 7),
(303, 8),
(303, 9),
(303, 10),
(311, 2),
(311, 3),
(311, 4),
(311, 5),
(311, 6),
(311, 7),
(311, 8),
(311, 9),
(311, 10),
(316, 2),
(316, 3),
(316, 4),
(316, 5),
(316, 6),
(316, 7),
(316, 8),
(316, 9),
(316, 10),
(324, 2),
(324, 3),
(324, 4),
(324, 5),
(324, 6),
(324, 7),
(324, 8),
(324, 9),
(324, 10),
(325, 2),
(325, 3),
(325, 4),
(325, 5),
(325, 6),
(325, 7),
(325, 8),
(325, 9),
(325, 10),
(333, 2),
(333, 3),
(333, 4),
(333, 5),
(333, 6),
(333, 7),
(333, 8),
(333, 9),
(333, 10),
(334, 2),
(334, 3),
(334, 4),
(334, 5),
(334, 6),
(334, 7),
(334, 8),
(334, 9),
(334, 10),
(338, 2),
(338, 3),
(338, 4),
(338, 5),
(338, 6),
(338, 7),
(338, 8),
(338, 9),
(338, 10),
(348, 2),
(348, 3),
(348, 4),
(348, 5),
(348, 6),
(348, 7),
(348, 8),
(348, 9),
(348, 10),
(349, 2),
(349, 3),
(349, 4),
(349, 5),
(349, 6),
(349, 7),
(349, 8),
(349, 9),
(349, 10),
(350, 2),
(350, 3),
(350, 4),
(350, 5),
(350, 6),
(350, 7),
(350, 8),
(350, 9),
(350, 10),
(355, 2),
(355, 3),
(355, 4),
(355, 5),
(355, 6),
(355, 7),
(355, 8),
(355, 9),
(355, 10),
(359, 2),
(359, 3),
(359, 4),
(359, 5),
(359, 6),
(359, 7),
(359, 8),
(359, 9),
(359, 10),
(360, 2),
(360, 3),
(360, 4),
(360, 5),
(360, 6),
(360, 7),
(360, 8),
(360, 9),
(360, 10),
(362, 2),
(362, 3),
(362, 4),
(362, 5),
(362, 6),
(362, 7),
(362, 8),
(362, 9),
(362, 10),
(363, 2),
(363, 3),
(363, 4),
(363, 5),
(363, 6),
(363, 7),
(363, 8),
(363, 9),
(363, 10),
(367, 2),
(367, 3),
(367, 4),
(367, 5),
(367, 6),
(367, 7),
(367, 8),
(367, 9),
(367, 10),
(368, 2),
(368, 3),
(368, 4),
(368, 5),
(368, 6),
(368, 7),
(368, 8),
(368, 9),
(368, 10),
(371, 2),
(371, 3),
(371, 4),
(371, 5),
(371, 6),
(371, 7),
(371, 8),
(371, 9),
(371, 10),
(378, 2),
(378, 3),
(378, 4),
(378, 5),
(378, 6),
(378, 7),
(378, 8),
(378, 9),
(378, 10),
(388, 2),
(388, 3),
(388, 4),
(388, 5),
(388, 6),
(388, 7),
(388, 8),
(388, 9),
(388, 10),
(404, 2),
(404, 3),
(404, 4),
(404, 5),
(404, 6),
(404, 7),
(404, 8),
(404, 9),
(404, 10),
(406, 2),
(406, 3),
(406, 4),
(406, 5),
(406, 6),
(406, 7),
(406, 8),
(406, 9),
(406, 10),
(407, 2),
(407, 3),
(407, 4),
(407, 5),
(407, 6),
(407, 7),
(407, 8),
(407, 9),
(407, 10),
(418, 2),
(418, 3),
(418, 4),
(418, 5),
(418, 6),
(418, 7),
(418, 8),
(418, 9),
(418, 10),
(422, 2),
(422, 3),
(422, 4),
(422, 5),
(422, 6),
(422, 7),
(422, 8),
(422, 9),
(422, 10),
(423, 2),
(423, 3),
(423, 4),
(423, 5),
(423, 6),
(423, 7),
(423, 8),
(423, 9),
(423, 10),
(455, 2),
(455, 3),
(455, 4),
(455, 5),
(455, 6),
(455, 7),
(455, 8),
(455, 9),
(455, 10),
(459, 2),
(459, 3),
(459, 4),
(459, 5),
(459, 6),
(459, 7),
(459, 8),
(459, 9),
(459, 10),
(468, 2),
(468, 3),
(468, 4),
(468, 5),
(468, 6),
(468, 7),
(468, 8),
(468, 9),
(468, 10),
(469, 2),
(469, 3),
(469, 4),
(469, 5),
(469, 6),
(469, 7),
(469, 8),
(469, 9),
(469, 10),
(470, 2),
(470, 3),
(470, 4),
(470, 5),
(470, 6),
(470, 7),
(470, 8),
(470, 9),
(470, 10),
(471, 2),
(471, 3),
(471, 4),
(471, 5),
(471, 6),
(471, 7),
(471, 8),
(471, 9),
(471, 10),
(472, 2),
(472, 3),
(472, 4),
(472, 5),
(472, 6),
(472, 7),
(472, 8),
(472, 9),
(472, 10),
(476, 2),
(476, 3),
(476, 4),
(476, 5),
(476, 6),
(476, 7),
(476, 8),
(476, 9),
(476, 10),
(479, 1),
(479, 3),
(479, 4),
(479, 5),
(479, 6),
(479, 7),
(479, 8),
(479, 9),
(479, 10),
(486, 1),
(486, 3),
(486, 4),
(486, 5),
(486, 6),
(486, 7),
(486, 8),
(486, 9),
(486, 10),
(488, 1),
(488, 3),
(488, 4),
(488, 5),
(488, 6),
(488, 7),
(488, 8),
(488, 9),
(488, 10),
(489, 1),
(489, 3),
(489, 4),
(489, 5),
(489, 6),
(489, 7),
(489, 8),
(489, 9),
(489, 10),
(496, 1),
(496, 3),
(496, 4),
(496, 5),
(496, 6),
(496, 7),
(496, 8),
(496, 9),
(496, 10),
(510, 1),
(510, 3),
(510, 4),
(510, 5),
(510, 6),
(510, 7),
(510, 8),
(510, 9),
(510, 10),
(521, 1),
(521, 3),
(521, 4),
(521, 5),
(521, 6),
(521, 7),
(521, 8),
(521, 9),
(521, 10),
(526, 1),
(526, 3),
(526, 4),
(526, 5),
(526, 6),
(526, 7),
(526, 8),
(526, 9),
(526, 10),
(531, 1),
(531, 3),
(531, 4),
(531, 5),
(531, 6),
(531, 7),
(531, 8),
(531, 9),
(531, 10),
(542, 1),
(542, 3),
(542, 4),
(542, 5),
(542, 6),
(542, 7),
(542, 8),
(542, 9),
(542, 10),
(549, 1),
(549, 3),
(549, 4),
(549, 5),
(549, 6),
(549, 7),
(549, 8),
(549, 9),
(549, 10),
(550, 1),
(550, 3),
(550, 4),
(550, 5),
(550, 6),
(550, 7),
(550, 8),
(550, 9),
(550, 10),
(555, 1),
(555, 3),
(555, 4),
(555, 5),
(555, 6),
(555, 7),
(555, 8),
(555, 9),
(555, 10),
(559, 1),
(559, 3),
(559, 4),
(559, 5),
(559, 6),
(559, 7),
(559, 8),
(559, 9),
(559, 10),
(563, 1),
(563, 3),
(563, 4),
(563, 5),
(563, 6),
(563, 7),
(563, 8),
(563, 9),
(563, 10),
(564, 1),
(564, 3),
(564, 4),
(564, 5),
(564, 6),
(564, 7),
(564, 8),
(564, 9),
(564, 10),
(578, 1),
(578, 3),
(578, 4),
(578, 5),
(578, 6),
(578, 7),
(578, 8),
(578, 9),
(578, 10),
(586, 1),
(586, 3),
(586, 4),
(586, 5),
(586, 6),
(586, 7),
(586, 8),
(586, 9),
(586, 10),
(591, 1),
(591, 3),
(591, 4),
(591, 5),
(591, 6),
(591, 7),
(591, 8),
(591, 9),
(591, 10),
(592, 1),
(592, 3),
(592, 4),
(592, 5),
(592, 6),
(592, 7),
(592, 8),
(592, 9),
(592, 10),
(602, 1),
(602, 3),
(602, 4),
(602, 5),
(602, 6),
(602, 7),
(602, 8),
(602, 9),
(602, 10),
(606, 1),
(606, 3),
(606, 4),
(606, 5),
(606, 6),
(606, 7),
(606, 8),
(606, 9),
(606, 10),
(608, 1),
(608, 3),
(608, 4),
(608, 5),
(608, 6),
(608, 7),
(608, 8),
(608, 9),
(608, 10),
(614, 1),
(614, 3),
(614, 4),
(614, 5),
(614, 6),
(614, 7),
(614, 8),
(614, 9),
(614, 10),
(617, 1),
(617, 3),
(617, 4),
(617, 5),
(617, 6),
(617, 7),
(617, 8),
(617, 9),
(617, 10),
(625, 1),
(625, 3),
(625, 4),
(625, 5),
(625, 6),
(625, 7),
(625, 8),
(625, 9),
(625, 10),
(626, 1),
(626, 3),
(626, 4),
(626, 5),
(626, 6),
(626, 7),
(626, 8),
(626, 9),
(626, 10),
(629, 1),
(629, 3),
(629, 4),
(629, 5),
(629, 6),
(629, 7),
(629, 8),
(629, 9),
(629, 10),
(640, 1),
(640, 3),
(640, 4),
(640, 5),
(640, 6),
(640, 7),
(640, 8),
(640, 9),
(640, 10),
(641, 1),
(641, 3),
(641, 4),
(641, 5),
(641, 6),
(641, 7),
(641, 8),
(641, 9),
(641, 10),
(644, 1),
(644, 3),
(644, 4),
(644, 5),
(644, 6),
(644, 7),
(644, 8),
(644, 9),
(644, 10),
(650, 1),
(650, 3),
(650, 4),
(650, 5),
(650, 6),
(650, 7),
(650, 8),
(650, 9),
(650, 10),
(652, 1),
(652, 3),
(652, 4),
(652, 5),
(652, 6),
(652, 7),
(652, 8),
(652, 9),
(652, 10),
(661, 1),
(661, 3),
(661, 4),
(661, 5),
(661, 6),
(661, 7),
(661, 8),
(661, 9),
(661, 10),
(663, 1),
(663, 3),
(663, 4),
(663, 5),
(663, 6),
(663, 7),
(663, 8),
(663, 9),
(663, 10),
(670, 1),
(670, 3),
(670, 4),
(670, 5),
(670, 6),
(670, 7),
(670, 8),
(670, 9),
(670, 10),
(685, 1),
(685, 3),
(685, 4),
(685, 5),
(685, 6),
(685, 7),
(685, 8),
(685, 9),
(685, 10),
(687, 1),
(687, 3),
(687, 4),
(687, 5),
(687, 6),
(687, 7),
(687, 8),
(687, 9),
(687, 10),
(711, 1),
(711, 3),
(711, 4),
(711, 5),
(711, 6),
(711, 7),
(711, 8),
(711, 9),
(711, 10),
(715, 1),
(715, 3),
(715, 4),
(715, 5),
(715, 6),
(715, 7),
(715, 8),
(715, 9),
(715, 10),
(722, 1),
(722, 3),
(722, 4),
(722, 5),
(722, 6),
(722, 7),
(722, 8),
(722, 9),
(722, 10),
(727, 1),
(727, 3),
(727, 4),
(727, 5),
(727, 6),
(727, 7),
(727, 8),
(727, 9),
(727, 10),
(728, 1),
(728, 3),
(728, 4),
(728, 5),
(728, 6),
(728, 7),
(728, 8),
(728, 9),
(728, 10),
(731, 1),
(731, 3),
(731, 4),
(731, 5),
(731, 6),
(731, 7),
(731, 8),
(731, 9),
(731, 10),
(732, 1),
(732, 3),
(732, 4),
(732, 5),
(732, 6),
(732, 7),
(732, 8),
(732, 9),
(732, 10),
(733, 1),
(733, 3),
(733, 4),
(733, 5),
(733, 6),
(733, 7),
(733, 8),
(733, 9),
(733, 10),
(739, 1),
(739, 3),
(739, 4),
(739, 5),
(739, 6),
(739, 7),
(739, 8),
(739, 9),
(739, 10),
(743, 1),
(743, 3),
(743, 4),
(743, 5),
(743, 6),
(743, 7),
(743, 8),
(743, 9),
(743, 10),
(746, 1),
(746, 3),
(746, 4),
(746, 5),
(746, 6),
(746, 7),
(746, 8),
(746, 9),
(746, 10),
(764, 1),
(764, 3),
(764, 4),
(764, 5),
(764, 6),
(764, 7),
(764, 8),
(764, 9),
(764, 10),
(766, 1),
(766, 3),
(766, 4),
(766, 5),
(766, 6),
(766, 7),
(766, 8),
(766, 9),
(766, 10),
(771, 1),
(771, 3),
(771, 4),
(771, 5),
(771, 6),
(771, 7),
(771, 8),
(771, 9),
(771, 10),
(774, 1),
(774, 3),
(774, 4),
(774, 5),
(774, 6),
(774, 7),
(774, 8),
(774, 9),
(774, 10),
(777, 1),
(777, 3),
(777, 4),
(777, 5),
(777, 6),
(777, 7),
(777, 8),
(777, 9),
(777, 10),
(783, 1),
(783, 3),
(783, 4),
(783, 5),
(783, 6),
(783, 7),
(783, 8),
(783, 9),
(783, 10),
(786, 1),
(786, 3),
(786, 4),
(786, 5),
(786, 6),
(786, 7),
(786, 8),
(786, 9),
(786, 10),
(791, 1),
(791, 3),
(791, 4),
(791, 5),
(791, 6),
(791, 7),
(791, 8),
(791, 9),
(791, 10),
(792, 1),
(792, 3),
(792, 4),
(792, 5),
(792, 6),
(792, 7),
(792, 8),
(792, 9),
(792, 10),
(793, 1),
(793, 3),
(793, 4),
(793, 5),
(793, 6),
(793, 7),
(793, 8),
(793, 9),
(793, 10),
(799, 1),
(799, 3),
(799, 4),
(799, 5),
(799, 6),
(799, 7),
(799, 8),
(799, 9),
(799, 10),
(803, 1),
(803, 3),
(803, 4),
(803, 5),
(803, 6),
(803, 7),
(803, 8),
(803, 9),
(803, 10),
(810, 1),
(810, 3),
(810, 4),
(810, 5),
(810, 6),
(810, 7),
(810, 8),
(810, 9),
(810, 10),
(837, 1),
(837, 3),
(837, 4),
(837, 5),
(837, 6),
(837, 7),
(837, 8),
(837, 9),
(837, 10),
(845, 1),
(845, 3),
(845, 4),
(845, 5),
(845, 6),
(845, 7),
(845, 8),
(845, 9),
(845, 10),
(849, 1),
(849, 3),
(849, 4),
(849, 5),
(849, 6),
(849, 7),
(849, 8),
(849, 9),
(849, 10),
(853, 1),
(853, 3),
(853, 4),
(853, 5),
(853, 6),
(853, 7),
(853, 8),
(853, 9),
(853, 10),
(859, 1),
(859, 3),
(859, 4),
(859, 5),
(859, 6),
(859, 7),
(859, 8),
(859, 9),
(859, 10),
(860, 1),
(860, 3),
(860, 4),
(860, 5),
(860, 6),
(860, 7),
(860, 8),
(860, 9),
(860, 10),
(863, 1),
(863, 3),
(863, 4),
(863, 5),
(863, 6),
(863, 7),
(863, 8),
(863, 9),
(863, 10),
(873, 1),
(873, 3),
(873, 4),
(873, 5),
(873, 6),
(873, 7),
(873, 8),
(873, 9),
(873, 10),
(878, 1),
(878, 3),
(878, 4),
(878, 5),
(878, 6),
(878, 7),
(878, 8),
(878, 9),
(878, 10),
(884, 1),
(884, 3),
(884, 4),
(884, 5),
(884, 6),
(884, 7),
(884, 8),
(884, 9),
(884, 10),
(889, 1),
(889, 3),
(889, 4),
(889, 5),
(889, 6),
(889, 7),
(889, 8),
(889, 9),
(889, 10),
(894, 1),
(894, 3),
(894, 4),
(894, 5),
(894, 6),
(894, 7),
(894, 8),
(894, 9),
(894, 10),
(900, 1),
(900, 3),
(900, 4),
(900, 5),
(900, 6),
(900, 7),
(900, 8),
(900, 9),
(900, 10),
(908, 1),
(908, 3),
(908, 4),
(908, 5),
(908, 6),
(908, 7),
(908, 8),
(908, 9),
(908, 10),
(917, 1),
(917, 3),
(917, 4),
(917, 5),
(917, 6),
(917, 7),
(917, 8),
(917, 9),
(917, 10),
(925, 1),
(925, 3),
(925, 4),
(925, 5),
(925, 6),
(925, 7),
(925, 8),
(925, 9),
(925, 10),
(928, 1),
(928, 3),
(928, 4),
(928, 5),
(928, 6),
(928, 7),
(928, 8),
(928, 9),
(928, 10),
(934, 1),
(934, 3),
(934, 4),
(934, 5),
(934, 6),
(934, 7),
(934, 8),
(934, 9),
(934, 10),
(940, 1),
(940, 3),
(940, 4),
(940, 5),
(940, 6),
(940, 7),
(940, 8),
(940, 9),
(940, 10),
(941, 1),
(941, 3),
(941, 4),
(941, 5),
(941, 6),
(941, 7),
(941, 8),
(941, 9),
(941, 10),
(943, 1),
(943, 3),
(943, 4),
(943, 5),
(943, 6),
(943, 7),
(943, 8),
(943, 9),
(943, 10),
(944, 1),
(944, 3),
(944, 4),
(944, 5),
(944, 6),
(944, 7),
(944, 8),
(944, 9),
(944, 10),
(955, 1),
(955, 3),
(955, 4),
(955, 5),
(955, 6),
(955, 7),
(955, 8),
(955, 9),
(955, 10),
(960, 1),
(960, 3),
(960, 4),
(960, 5),
(960, 6),
(960, 7),
(960, 8),
(960, 9),
(960, 10),
(971, 1),
(971, 3),
(971, 4),
(971, 5),
(971, 6),
(971, 7),
(971, 8),
(971, 9),
(971, 10),
(972, 1),
(972, 3),
(972, 4),
(972, 5),
(972, 6),
(972, 7),
(972, 8),
(972, 9),
(972, 10),
(977, 1),
(977, 3),
(977, 4),
(977, 5),
(977, 6),
(977, 7),
(977, 8),
(977, 9),
(977, 10),
(981, 1),
(981, 3),
(981, 4),
(981, 5),
(981, 6),
(981, 7),
(981, 8),
(981, 9),
(981, 10),
(12, 12),
(12, 13),
(12, 14),
(12, 15),
(12, 16),
(12, 17),
(12, 18),
(12, 19),
(12, 20),
(16, 12),
(16, 13),
(16, 14),
(16, 15),
(16, 16),
(16, 17),
(16, 18),
(16, 19),
(16, 20),
(18, 12),
(18, 13),
(18, 14),
(18, 15),
(18, 16),
(18, 17),
(18, 18),
(18, 19),
(18, 20),
(20, 12),
(20, 13),
(20, 14),
(20, 15),
(20, 16),
(20, 17),
(20, 18),
(20, 19),
(20, 20),
(28, 12),
(28, 13),
(28, 14),
(28, 15),
(28, 16),
(28, 17),
(28, 18),
(28, 19),
(28, 20),
(29, 12),
(29, 13),
(29, 14),
(29, 15),
(29, 16),
(29, 17),
(29, 18),
(29, 19),
(29, 20),
(30, 12),
(30, 13),
(30, 14),
(30, 15),
(30, 16),
(30, 17),
(30, 18),
(30, 19),
(30, 20),
(34, 12),
(34, 13),
(34, 14),
(34, 15),
(34, 16),
(34, 17),
(34, 18),
(34, 19),
(34, 20),
(35, 12),
(35, 13),
(35, 14),
(35, 15),
(35, 16),
(35, 17),
(35, 18),
(35, 19),
(35, 20),
(37, 12),
(37, 13),
(37, 14),
(37, 15),
(37, 16),
(37, 17),
(37, 18),
(37, 19),
(37, 20),
(51, 12),
(51, 13),
(51, 14),
(51, 15),
(51, 16),
(51, 17),
(51, 18),
(51, 19),
(51, 20),
(52, 12),
(52, 13),
(52, 14),
(52, 15),
(52, 16),
(52, 17),
(52, 18),
(52, 19),
(52, 20),
(61, 12),
(61, 13),
(61, 14),
(61, 15),
(61, 16),
(61, 17),
(61, 18),
(61, 19),
(61, 20),
(76, 12),
(76, 13),
(76, 14),
(76, 15),
(76, 16),
(76, 17),
(76, 18),
(76, 19),
(76, 20),
(77, 12),
(77, 13),
(77, 14),
(77, 15),
(77, 16),
(77, 17),
(77, 18),
(77, 19),
(77, 20),
(79, 12),
(79, 13),
(79, 14),
(79, 15),
(79, 16),
(79, 17),
(79, 18),
(79, 19),
(79, 20),
(81, 12),
(81, 13),
(81, 14),
(81, 15),
(81, 16),
(81, 17),
(81, 18),
(81, 19),
(81, 20),
(83, 12),
(83, 13),
(83, 14),
(83, 15),
(83, 16),
(83, 17),
(83, 18),
(83, 19),
(83, 20),
(86, 12),
(86, 13),
(86, 14),
(86, 15),
(86, 16),
(86, 17),
(86, 18),
(86, 19),
(86, 20),
(90, 12),
(90, 13),
(90, 14),
(90, 15),
(90, 16),
(90, 17),
(90, 18),
(90, 19),
(90, 20),
(91, 12),
(91, 13),
(91, 14),
(91, 15),
(91, 16),
(91, 17),
(91, 18),
(91, 19),
(91, 20),
(94, 12),
(94, 13),
(94, 14),
(94, 15),
(94, 16),
(94, 17),
(94, 18),
(94, 19),
(94, 20),
(99, 12),
(99, 13),
(99, 14),
(99, 15),
(99, 16),
(99, 17),
(99, 18),
(99, 19),
(99, 20),
(102, 12),
(102, 13),
(102, 14),
(102, 15),
(102, 16),
(102, 17),
(102, 18),
(102, 19),
(102, 20),
(104, 12),
(104, 13),
(104, 14),
(104, 15),
(104, 16),
(104, 17),
(104, 18),
(104, 19),
(104, 20),
(105, 12),
(105, 13),
(105, 14),
(105, 15),
(105, 16),
(105, 17),
(105, 18),
(105, 19),
(105, 20),
(111, 12),
(111, 13),
(111, 14),
(111, 15),
(111, 16),
(111, 17),
(111, 18),
(111, 19),
(111, 20),
(121, 12),
(121, 13),
(121, 14),
(121, 15),
(121, 16),
(121, 17),
(121, 18),
(121, 19),
(121, 20),
(132, 12),
(132, 13),
(132, 14),
(132, 15),
(132, 16),
(132, 17),
(132, 18),
(132, 19),
(132, 20),
(143, 12),
(143, 13),
(143, 14),
(143, 15),
(143, 16),
(143, 17),
(143, 18),
(143, 19),
(143, 20),
(147, 12),
(147, 13),
(147, 14),
(147, 15),
(147, 16),
(147, 17),
(147, 18),
(147, 19),
(147, 20),
(149, 12),
(149, 13),
(149, 14),
(149, 15),
(149, 16),
(149, 17),
(149, 18),
(149, 19),
(149, 20),
(150, 12),
(150, 13),
(150, 14),
(150, 15),
(150, 16),
(150, 17),
(150, 18),
(150, 19),
(150, 20),
(151, 12),
(151, 13),
(151, 14),
(151, 15),
(151, 16),
(151, 17),
(151, 18),
(151, 19),
(151, 20),
(152, 12),
(152, 13),
(152, 14),
(152, 15),
(152, 16),
(152, 17),
(152, 18),
(152, 19),
(152, 20),
(154, 12),
(154, 13),
(154, 14),
(154, 15),
(154, 16),
(154, 17),
(154, 18),
(154, 19),
(154, 20),
(159, 12),
(159, 13),
(159, 14),
(159, 15),
(159, 16),
(159, 17),
(159, 18),
(159, 19),
(159, 20),
(168, 12),
(168, 13),
(168, 14),
(168, 15),
(168, 16),
(168, 17),
(168, 18),
(168, 19),
(168, 20),
(170, 12),
(170, 13),
(170, 14),
(170, 15),
(170, 16),
(170, 17),
(170, 18),
(170, 19),
(170, 20),
(171, 12),
(171, 13),
(171, 14),
(171, 15),
(171, 16),
(171, 17),
(171, 18),
(171, 19),
(171, 20),
(172, 12),
(172, 13),
(172, 14),
(172, 15),
(172, 16),
(172, 17),
(172, 18),
(172, 19),
(172, 20),
(175, 12),
(175, 13),
(175, 14),
(175, 15),
(175, 16),
(175, 17),
(175, 18),
(175, 19),
(175, 20),
(182, 12),
(182, 13),
(182, 14),
(182, 15),
(182, 16),
(182, 17),
(182, 18),
(182, 19),
(182, 20),
(184, 12),
(184, 13),
(184, 14),
(184, 15),
(184, 16),
(184, 17),
(184, 18),
(184, 19),
(184, 20),
(186, 12),
(186, 13),
(186, 14),
(186, 15),
(186, 16),
(186, 17),
(186, 18),
(186, 19),
(186, 20),
(187, 12),
(187, 13),
(187, 14),
(187, 15),
(187, 16),
(187, 17),
(187, 18),
(187, 19),
(187, 20),
(189, 12),
(189, 13),
(189, 14),
(189, 15),
(189, 16),
(189, 17),
(189, 18),
(189, 19),
(189, 20),
(191, 12),
(191, 13),
(191, 14),
(191, 15),
(191, 16),
(191, 17),
(191, 18),
(191, 19),
(191, 20),
(194, 12),
(194, 13),
(194, 14),
(194, 15),
(194, 16),
(194, 17),
(194, 18),
(194, 19),
(194, 20),
(201, 12),
(201, 13),
(201, 14),
(201, 15),
(201, 16),
(201, 17),
(201, 18),
(201, 19),
(201, 20),
(202, 12),
(202, 13),
(202, 14),
(202, 15),
(202, 16),
(202, 17),
(202, 18),
(202, 19),
(202, 20),
(207, 12),
(207, 13),
(207, 14),
(207, 15),
(207, 16),
(207, 17),
(207, 18),
(207, 19),
(207, 20),
(208, 12),
(208, 13),
(208, 14),
(208, 15),
(208, 16),
(208, 17),
(208, 18),
(208, 19),
(208, 20),
(209, 12),
(209, 13),
(209, 14),
(209, 15),
(209, 16),
(209, 17),
(209, 18),
(209, 19),
(209, 20),
(210, 12),
(210, 13),
(210, 14),
(210, 15),
(210, 16),
(210, 17),
(210, 18),
(210, 19),
(210, 20),
(216, 12),
(216, 13),
(216, 14),
(216, 15),
(216, 16),
(216, 17),
(216, 18),
(216, 19),
(216, 20),
(218, 12),
(218, 13),
(218, 14),
(218, 15),
(218, 16),
(218, 17),
(218, 18),
(218, 19),
(218, 20),
(224, 12),
(224, 13),
(224, 14),
(224, 15),
(224, 16),
(224, 17),
(224, 18),
(224, 19),
(224, 20),
(228, 12),
(228, 13),
(228, 14),
(228, 15),
(228, 16),
(228, 17),
(228, 18),
(228, 19),
(228, 20),
(229, 12),
(229, 13),
(229, 14),
(229, 15),
(229, 16),
(229, 17),
(229, 18),
(229, 19),
(229, 20),
(233, 12),
(233, 13),
(233, 14),
(233, 15),
(233, 16),
(233, 17),
(233, 18),
(233, 19),
(233, 20),
(240, 12),
(240, 13),
(240, 14),
(240, 15),
(240, 16),
(240, 17),
(240, 18),
(240, 19),
(240, 20),
(250, 12),
(250, 13),
(250, 14),
(250, 15),
(250, 16),
(250, 17),
(250, 18),
(250, 19),
(250, 20),
(258, 12),
(258, 13),
(258, 14),
(258, 15),
(258, 16),
(258, 17),
(258, 18),
(258, 19),
(258, 20),
(268, 12),
(268, 13),
(268, 14),
(268, 15),
(268, 16),
(268, 17),
(268, 18),
(268, 19),
(268, 20),
(272, 12),
(272, 13),
(272, 14),
(272, 15),
(272, 16),
(272, 17),
(272, 18),
(272, 19),
(272, 20),
(274, 12),
(274, 13),
(274, 14),
(274, 15),
(274, 16),
(274, 17),
(274, 18),
(274, 19),
(274, 20),
(285, 12),
(285, 13),
(285, 14),
(285, 15),
(285, 16),
(285, 17),
(285, 18),
(285, 19),
(285, 20),
(286, 12),
(286, 13),
(286, 14),
(286, 15),
(286, 16),
(286, 17),
(286, 18),
(286, 19),
(286, 20),
(289, 12),
(289, 13),
(289, 14),
(289, 15),
(289, 16),
(289, 17),
(289, 18),
(289, 19),
(289, 20),
(321, 12),
(321, 13),
(321, 14),
(321, 15),
(321, 16),
(321, 17),
(321, 18),
(321, 19),
(321, 20),
(341, 12),
(341, 13),
(341, 14),
(341, 15),
(341, 16),
(341, 17),
(341, 18),
(341, 19),
(341, 20),
(351, 12),
(351, 13),
(351, 14),
(351, 15),
(351, 16),
(351, 17),
(351, 18),
(351, 19),
(351, 20),
(356, 12),
(356, 13),
(356, 14),
(356, 15),
(356, 16),
(356, 17),
(356, 18),
(356, 19),
(356, 20),
(365, 12),
(365, 13),
(365, 14),
(365, 15),
(365, 16),
(365, 17),
(365, 18),
(365, 19),
(365, 20),
(374, 12),
(374, 13),
(374, 14),
(374, 15),
(374, 16),
(374, 17),
(374, 18),
(374, 19),
(374, 20),
(385, 12),
(385, 13),
(385, 14),
(385, 15),
(385, 16),
(385, 17),
(385, 18),
(385, 19),
(385, 20),
(389, 12),
(389, 13),
(389, 14),
(389, 15),
(389, 16),
(389, 17),
(389, 18),
(389, 19),
(389, 20),
(399, 12),
(399, 13),
(399, 14),
(399, 15),
(399, 16),
(399, 17),
(399, 18),
(399, 19),
(399, 20),
(413, 12),
(413, 13),
(413, 14),
(413, 15),
(413, 16),
(413, 17),
(413, 18),
(413, 19),
(413, 20),
(414, 12),
(414, 13),
(414, 14),
(414, 15),
(414, 16),
(414, 17),
(414, 18),
(414, 19),
(414, 20),
(416, 12),
(416, 13),
(416, 14),
(416, 15),
(416, 16),
(416, 17),
(416, 18),
(416, 19),
(416, 20),
(429, 12),
(429, 13),
(429, 14),
(429, 15),
(429, 16),
(429, 17),
(429, 18),
(429, 19),
(429, 20),
(431, 12),
(431, 13),
(431, 14),
(431, 15),
(431, 16),
(431, 17),
(431, 18),
(431, 19),
(431, 20),
(432, 12),
(432, 13),
(432, 14),
(432, 15),
(432, 16),
(432, 17),
(432, 18),
(432, 19),
(432, 20),
(443, 12),
(443, 13),
(443, 14),
(443, 15),
(443, 16),
(443, 17),
(443, 18),
(443, 19),
(443, 20),
(444, 12),
(444, 13),
(444, 14),
(444, 15),
(444, 16),
(444, 17),
(444, 18),
(444, 19),
(444, 20),
(451, 12),
(451, 13),
(451, 14),
(451, 15),
(451, 16),
(451, 17),
(451, 18),
(451, 19),
(451, 20),
(454, 12),
(454, 13),
(454, 14),
(454, 15),
(454, 16),
(454, 17),
(454, 18),
(454, 19),
(454, 20),
(457, 12),
(457, 13),
(457, 14),
(457, 15),
(457, 16),
(457, 17),
(457, 18),
(457, 19),
(457, 20),
(460, 12),
(460, 13),
(460, 14),
(460, 15),
(460, 16),
(460, 17),
(460, 18),
(460, 19),
(460, 20),
(463, 12),
(463, 13),
(463, 14),
(463, 15),
(463, 16),
(463, 17),
(463, 18),
(463, 19),
(463, 20),
(466, 12),
(466, 13),
(466, 14),
(466, 15),
(466, 16),
(466, 17),
(466, 18),
(466, 19),
(466, 20),
(473, 12),
(473, 13),
(473, 14),
(473, 15),
(473, 16),
(473, 17),
(473, 18),
(473, 19),
(473, 20),
(477, 12),
(477, 13),
(477, 14),
(477, 15),
(477, 16),
(477, 17),
(477, 18),
(477, 19),
(477, 20),
(482, 12),
(482, 13),
(482, 14),
(482, 15),
(482, 16),
(482, 17),
(482, 18),
(482, 19),
(482, 20),
(484, 11),
(484, 13),
(484, 14),
(484, 15),
(484, 16),
(484, 17),
(484, 18),
(484, 19),
(484, 20),
(490, 11),
(490, 13),
(490, 14),
(490, 15),
(490, 16),
(490, 17),
(490, 18),
(490, 19),
(490, 20),
(493, 11),
(493, 13),
(493, 14),
(493, 15),
(493, 16),
(493, 17),
(493, 18),
(493, 19),
(493, 20),
(498, 11),
(498, 13),
(498, 14),
(498, 15),
(498, 16),
(498, 17),
(498, 18),
(498, 19),
(498, 20),
(500, 11),
(500, 13),
(500, 14),
(500, 15),
(500, 16),
(500, 17),
(500, 18),
(500, 19),
(500, 20),
(501, 11),
(501, 13),
(501, 14),
(501, 15),
(501, 16),
(501, 17),
(501, 18),
(501, 19),
(501, 20),
(507, 11),
(507, 13),
(507, 14),
(507, 15),
(507, 16),
(507, 17),
(507, 18),
(507, 19),
(507, 20),
(514, 11),
(514, 13),
(514, 14),
(514, 15),
(514, 16),
(514, 17),
(514, 18),
(514, 19),
(514, 20),
(515, 11),
(515, 13),
(515, 14),
(515, 15),
(515, 16),
(515, 17),
(515, 18),
(515, 19),
(515, 20),
(519, 11),
(519, 13),
(519, 14),
(519, 15),
(519, 16),
(519, 17),
(519, 18),
(519, 19),
(519, 20),
(525, 11),
(525, 13),
(525, 14),
(525, 15),
(525, 16),
(525, 17),
(525, 18),
(525, 19),
(525, 20),
(530, 11),
(530, 13),
(530, 14),
(530, 15),
(530, 16),
(530, 17),
(530, 18),
(530, 19),
(530, 20),
(535, 11),
(535, 13),
(535, 14),
(535, 15),
(535, 16),
(535, 17),
(535, 18),
(535, 19),
(535, 20),
(545, 11),
(545, 13),
(545, 14),
(545, 15),
(545, 16),
(545, 17),
(545, 18),
(545, 19),
(545, 20),
(548, 11),
(548, 13),
(548, 14),
(548, 15),
(548, 16),
(548, 17),
(548, 18),
(548, 19),
(548, 20),
(552, 11),
(552, 13),
(552, 14),
(552, 15),
(552, 16),
(552, 17),
(552, 18),
(552, 19),
(552, 20),
(557, 11),
(557, 13),
(557, 14),
(557, 15),
(557, 16),
(557, 17),
(557, 18),
(557, 19),
(557, 20),
(560, 11),
(560, 13),
(560, 14),
(560, 15),
(560, 16),
(560, 17),
(560, 18),
(560, 19),
(560, 20),
(562, 11),
(562, 13),
(562, 14),
(562, 15),
(562, 16),
(562, 17),
(562, 18),
(562, 19),
(562, 20),
(583, 11),
(583, 13),
(583, 14),
(583, 15),
(583, 16),
(583, 17),
(583, 18),
(583, 19),
(583, 20),
(585, 11),
(585, 13),
(585, 14),
(585, 15),
(585, 16),
(585, 17),
(585, 18),
(585, 19),
(585, 20),
(588, 11),
(588, 13),
(588, 14),
(588, 15),
(588, 16),
(588, 17),
(588, 18),
(588, 19),
(588, 20),
(594, 11),
(594, 13),
(594, 14),
(594, 15),
(594, 16),
(594, 17),
(594, 18),
(594, 19),
(594, 20),
(596, 11),
(596, 13),
(596, 14),
(596, 15),
(596, 16),
(596, 17),
(596, 18),
(596, 19),
(596, 20),
(599, 11),
(599, 13),
(599, 14),
(599, 15),
(599, 16),
(599, 17),
(599, 18),
(599, 19),
(599, 20),
(609, 11),
(609, 13),
(609, 14),
(609, 15),
(609, 16),
(609, 17),
(609, 18),
(609, 19),
(609, 20),
(616, 11),
(616, 13),
(616, 14),
(616, 15),
(616, 16),
(616, 17),
(616, 18),
(616, 19),
(616, 20),
(619, 11),
(619, 13),
(619, 14),
(619, 15),
(619, 16),
(619, 17),
(619, 18),
(619, 19),
(619, 20),
(627, 11),
(627, 13),
(627, 14),
(627, 15),
(627, 16),
(627, 17),
(627, 18),
(627, 19),
(627, 20),
(632, 11),
(632, 13),
(632, 14),
(632, 15),
(632, 16),
(632, 17),
(632, 18),
(632, 19),
(632, 20),
(638, 11),
(638, 13),
(638, 14),
(638, 15),
(638, 16),
(638, 17),
(638, 18),
(638, 19),
(638, 20),
(639, 11),
(639, 13),
(639, 14),
(639, 15),
(639, 16),
(639, 17),
(639, 18),
(639, 19),
(639, 20),
(648, 11),
(648, 13),
(648, 14),
(648, 15),
(648, 16),
(648, 17),
(648, 18),
(648, 19),
(648, 20),
(656, 11),
(656, 13),
(656, 14),
(656, 15),
(656, 16),
(656, 17),
(656, 18),
(656, 19),
(656, 20),
(657, 11),
(657, 13),
(657, 14),
(657, 15),
(657, 16),
(657, 17),
(657, 18),
(657, 19),
(657, 20),
(668, 11),
(668, 13),
(668, 14),
(668, 15),
(668, 16),
(668, 17),
(668, 18),
(668, 19),
(668, 20),
(672, 11),
(672, 13),
(672, 14),
(672, 15),
(672, 16),
(672, 17),
(672, 18),
(672, 19),
(672, 20),
(677, 11),
(677, 13),
(677, 14),
(677, 15),
(677, 16),
(677, 17),
(677, 18),
(677, 19),
(677, 20),
(678, 11),
(678, 13),
(678, 14),
(678, 15),
(678, 16),
(678, 17),
(678, 18),
(678, 19),
(678, 20),
(688, 11),
(688, 13),
(688, 14),
(688, 15),
(688, 16),
(688, 17),
(688, 18),
(688, 19),
(688, 20),
(693, 11),
(693, 13),
(693, 14),
(693, 15),
(693, 16),
(693, 17),
(693, 18),
(693, 19),
(693, 20),
(694, 11),
(694, 13),
(694, 14),
(694, 15),
(694, 16),
(694, 17),
(694, 18),
(694, 19),
(694, 20),
(697, 11),
(697, 13),
(697, 14),
(697, 15),
(697, 16),
(697, 17),
(697, 18),
(697, 19),
(697, 20),
(698, 11),
(698, 13),
(698, 14),
(698, 15),
(698, 16),
(698, 17),
(698, 18),
(698, 19),
(698, 20),
(716, 11),
(716, 13),
(716, 14),
(716, 15),
(716, 16),
(716, 17),
(716, 18),
(716, 19),
(716, 20),
(718, 11),
(718, 13),
(718, 14),
(718, 15),
(718, 16),
(718, 17),
(718, 18),
(718, 19),
(718, 20),
(736, 11),
(736, 13),
(736, 14),
(736, 15),
(736, 16),
(736, 17),
(736, 18),
(736, 19),
(736, 20),
(742, 11),
(742, 13),
(742, 14),
(742, 15),
(742, 16),
(742, 17),
(742, 18),
(742, 19),
(742, 20),
(749, 11),
(749, 13),
(749, 14),
(749, 15),
(749, 16),
(749, 17),
(749, 18),
(749, 19),
(749, 20),
(754, 11),
(754, 13),
(754, 14),
(754, 15),
(754, 16),
(754, 17),
(754, 18),
(754, 19),
(754, 20),
(757, 11),
(757, 13),
(757, 14),
(757, 15),
(757, 16),
(757, 17),
(757, 18),
(757, 19),
(757, 20),
(767, 11),
(767, 13),
(767, 14),
(767, 15),
(767, 16),
(767, 17),
(767, 18),
(767, 19),
(767, 20),
(772, 11),
(772, 13),
(772, 14),
(772, 15),
(772, 16),
(772, 17),
(772, 18),
(772, 19),
(772, 20),
(773, 11),
(773, 13),
(773, 14),
(773, 15),
(773, 16),
(773, 17),
(773, 18),
(773, 19),
(773, 20),
(784, 11),
(784, 13),
(784, 14),
(784, 15),
(784, 16),
(784, 17),
(784, 18),
(784, 19),
(784, 20),
(785, 11),
(785, 13),
(785, 14),
(785, 15),
(785, 16),
(785, 17),
(785, 18),
(785, 19),
(785, 20),
(802, 11),
(802, 13),
(802, 14),
(802, 15),
(802, 16),
(802, 17),
(802, 18),
(802, 19),
(802, 20),
(804, 11),
(804, 13),
(804, 14),
(804, 15),
(804, 16),
(804, 17),
(804, 18),
(804, 19),
(804, 20),
(805, 11),
(805, 13),
(805, 14),
(805, 15),
(805, 16),
(805, 17),
(805, 18),
(805, 19),
(805, 20),
(807, 11),
(807, 13),
(807, 14),
(807, 15),
(807, 16),
(807, 17),
(807, 18),
(807, 19),
(807, 20),
(809, 11),
(809, 13),
(809, 14),
(809, 15),
(809, 16),
(809, 17),
(809, 18),
(809, 19),
(809, 20),
(816, 11),
(816, 13),
(816, 14),
(816, 15),
(816, 16),
(816, 17),
(816, 18),
(816, 19),
(816, 20),
(817, 11),
(817, 13),
(817, 14),
(817, 15),
(817, 16),
(817, 17),
(817, 18),
(817, 19),
(817, 20),
(822, 11),
(822, 13),
(822, 14),
(822, 15),
(822, 16),
(822, 17),
(822, 18),
(822, 19),
(822, 20),
(835, 11),
(835, 13),
(835, 14),
(835, 15),
(835, 16),
(835, 17),
(835, 18),
(835, 19),
(835, 20),
(838, 11),
(838, 13),
(838, 14),
(838, 15),
(838, 16),
(838, 17),
(838, 18),
(838, 19),
(838, 20),
(841, 11),
(841, 13),
(841, 14),
(841, 15),
(841, 16),
(841, 17),
(841, 18),
(841, 19),
(841, 20),
(846, 11),
(846, 13),
(846, 14),
(846, 15),
(846, 16),
(846, 17),
(846, 18),
(846, 19),
(846, 20),
(848, 11),
(848, 13),
(848, 14),
(848, 15),
(848, 16),
(848, 17),
(848, 18),
(848, 19),
(848, 20),
(850, 11),
(850, 13),
(850, 14),
(850, 15),
(850, 16),
(850, 17),
(850, 18),
(850, 19),
(850, 20),
(852, 11),
(852, 13),
(852, 14),
(852, 15),
(852, 16),
(852, 17),
(852, 18),
(852, 19),
(852, 20),
(865, 11),
(865, 13),
(865, 14),
(865, 15),
(865, 16),
(865, 17),
(865, 18),
(865, 19),
(865, 20),
(872, 11),
(872, 13),
(872, 14),
(872, 15),
(872, 16),
(872, 17),
(872, 18),
(872, 19),
(872, 20),
(883, 11),
(883, 13),
(883, 14),
(883, 15),
(883, 16),
(883, 17),
(883, 18),
(883, 19),
(883, 20),
(896, 11),
(896, 13),
(896, 14),
(896, 15),
(896, 16),
(896, 17),
(896, 18),
(896, 19),
(896, 20),
(898, 11),
(898, 13),
(898, 14),
(898, 15),
(898, 16),
(898, 17),
(898, 18),
(898, 19),
(898, 20),
(901, 11),
(901, 13),
(901, 14),
(901, 15),
(901, 16),
(901, 17),
(901, 18),
(901, 19),
(901, 20),
(903, 11),
(903, 13),
(903, 14),
(903, 15),
(903, 16),
(903, 17),
(903, 18),
(903, 19),
(903, 20),
(905, 11),
(905, 13),
(905, 14),
(905, 15),
(905, 16),
(905, 17),
(905, 18),
(905, 19),
(905, 20),
(914, 11),
(914, 13),
(914, 14),
(914, 15),
(914, 16),
(914, 17),
(914, 18),
(914, 19),
(914, 20),
(916, 11),
(916, 13),
(916, 14),
(916, 15),
(916, 16),
(916, 17),
(916, 18),
(916, 19),
(916, 20),
(931, 11),
(931, 13),
(931, 14),
(931, 15),
(931, 16),
(931, 17),
(931, 18),
(931, 19),
(931, 20),
(935, 11),
(935, 13),
(935, 14),
(935, 15),
(935, 16),
(935, 17),
(935, 18),
(935, 19),
(935, 20),
(942, 11),
(942, 13),
(942, 14),
(942, 15),
(942, 16),
(942, 17),
(942, 18),
(942, 19),
(942, 20),
(945, 11),
(945, 13),
(945, 14),
(945, 15),
(945, 16),
(945, 17),
(945, 18),
(945, 19),
(945, 20),
(946, 11),
(946, 13),
(946, 14),
(946, 15),
(946, 16),
(946, 17),
(946, 18),
(946, 19),
(946, 20),
(952, 11),
(952, 13),
(952, 14),
(952, 15),
(952, 16),
(952, 17),
(952, 18),
(952, 19),
(952, 20),
(957, 11),
(957, 13),
(957, 14),
(957, 15),
(957, 16),
(957, 17),
(957, 18),
(957, 19),
(957, 20),
(961, 11),
(961, 13),
(961, 14),
(961, 15),
(961, 16),
(961, 17),
(961, 18),
(961, 19),
(961, 20),
(966, 11),
(966, 13),
(966, 14),
(966, 15),
(966, 16),
(966, 17),
(966, 18),
(966, 19),
(966, 20),
(968, 11),
(968, 13),
(968, 14),
(968, 15),
(968, 16),
(968, 17),
(968, 18),
(968, 19),
(968, 20),
(983, 11),
(983, 13),
(983, 14),
(983, 15),
(983, 16),
(983, 17),
(983, 18),
(983, 19),
(983, 20),
(989, 11),
(989, 13),
(989, 14),
(989, 15),
(989, 16),
(989, 17),
(989, 18),
(989, 19),
(989, 20),
(992, 11),
(992, 13),
(992, 14),
(992, 15),
(992, 16),
(992, 17),
(992, 18),
(992, 19),
(992, 20),
(995, 11),
(995, 13),
(995, 14),
(995, 15),
(995, 16),
(995, 17),
(995, 18),
(995, 19),
(995, 20);

-- --------------------------------------------------------

--
-- Table structure for table `subject`
--

CREATE TABLE `subject` (
  `subject_id` int(11) NOT NULL,
  `name` varchar(255) NOT NULL,
  `grade_id` int(11) NOT NULL,
  `teacher_id` int(11) NOT NULL
) ENGINE=InnoDB DEFAULT CHARSET=utf8;

--
-- Dumping data for table `subject`
--

INSERT INTO `subject` (`subject_id`, `name`, `grade_id`, `teacher_id`) VALUES
(1, 'Afrikaans', 8, 1),
(2, 'isiZulu ', 8, 2),
(3, 'Life Orientation', 8, 3),
(4, 'Mathematics', 8, 4),
(5, 'English (HL)', 8, 5),
(6, 'Social Sciences', 8, 6),
(7, 'Natural Sciences', 8, 7),
(8, 'Arts and Culture', 8, 8),
(9, 'Technology', 8, 9),
(10, 'Economic Management Sciences', 8, 10),
(11, 'Afrikaans', 9, 1),
(12, 'isiZulu', 9, 2),
(13, 'Life Orientation', 9, 3),
(14, 'Mathematics', 9, 4),
(15, 'English (HL)', 9, 5),
(16, 'Social Sciences', 9, 6),
(17, 'Natural Sciences', 9, 7),
(18, 'Arts and Culture', 9, 8),
(19, 'Technology', 9, 9),
(20, 'Economic Management Sciences', 9, 10),
(21, 'Life Orientation', 10, 25),
(22, 'Life Orientation', 11, 25),
(23, 'Life Orientation', 12, 25),
(24, 'Mathematical Literacy', 10, 12),
(25, 'Mathematical Literacy', 11, 11),
(26, 'Mathematical Literacy', 12, 13),
(27, 'Mathematics', 10, 13),
(28, 'Mathematics', 11, 14),
(29, 'Mathematics', 12, 14),
(30, 'Tourism', 10, 15),
(31, 'Tourism', 11, 15),
(32, 'Tourism', 12, 16),
(33, 'Economics', 10, 16),
(34, 'Economics', 11, 17),
(35, 'Economics', 12, 17),
(36, 'Business Studies', 10, 18),
(37, 'Business Studies', 11, 18),
(38, 'Business Studies', 12, 18),
(39, 'Physical Sciences', 10, 19),
(40, 'Physical Sciences', 11, 19),
(41, 'Physical Sciences', 12, 19),
(42, 'Life Sciences', 10, 20),
(43, 'Life Sciences', 11, 20),
(44, 'Life Sciences', 12, 20),
(45, 'History', 10, 21),
(46, 'History', 11, 21),
(47, 'History', 12, 21),
(48, 'Geography', 10, 22),
(49, 'Geography', 11, 22),
(50, 'Geography', 12, 22),
(51, 'Accounting', 10, 23),
(52, 'Accounting', 12, 23),
(53, 'Accounting', 11, 23),
(54, 'Consumer Studies', 10, 24),
(55, 'Consumer Studies', 11, 24),
(56, 'Consumer Studies', 12, 24),
(57, 'isiZulu', 10, 2),
(58, 'isiZulu', 11, 2),
(59, 'isiZulu', 12, 2),
(60, 'Afrikaans', 10, 1),
(61, 'Afrikaans', 11, 1),
(62, 'Afrikaans', 12, 1),
(63, 'English (HL)', 10, 5),
(64, 'English (HL)', 11, 3),
(65, 'English (HL)', 12, 21);

-- --------------------------------------------------------

--
-- Table structure for table `submissions`
--

CREATE TABLE `submissions` (
  `submission_id` int(11) NOT NULL,
  `submitted` tinyint(1) DEFAULT NULL,
  `feedback` varchar(255) DEFAULT NULL,
  `score` int(11) DEFAULT NULL,
  `results_id` int(11) DEFAULT NULL,
  `assessment_id` int(11) DEFAULT NULL,
  `generated_id` int(11) DEFAULT NULL,
  `student_id` int(11) NOT NULL,
  `pdf_file` varchar(50) DEFAULT NULL
) ENGINE=InnoDB DEFAULT CHARSET=utf8;

--
-- Dumping data for table `submissions`
--

INSERT INTO `submissions` (`submission_id`, `submitted`, `feedback`, `score`, `results_id`, `assessment_id`, `generated_id`, `student_id`, `pdf_file`) VALUES
(10, NULL, NULL, NULL, NULL, 2, 0, 757, 'upload-submitted1631212497852.pdf'),
(11, NULL, NULL, NULL, NULL, 25, 0, 757, 'upload-submitted1631296529001.pdf');

-- --------------------------------------------------------

--
-- Table structure for table `teacher`
--

CREATE TABLE `teacher` (
  `id` int(11) NOT NULL,
  `username` varchar(255) NOT NULL,
  `name` varchar(255) NOT NULL,
  `surname` varchar(255) NOT NULL,
  `password` varchar(255) NOT NULL,
  `email` varchar(255) NOT NULL,
  `id_number` varchar(255) NOT NULL,
  `active` tinyint(1) NOT NULL,
  `rank` int(11) NOT NULL,
  `title` varchar(10) NOT NULL
) ENGINE=InnoDB DEFAULT CHARSET=utf8;

--
-- Dumping data for table `teacher`
--

INSERT INTO `teacher` (`id`, `username`, `name`, `surname`, `password`, `email`, `id_number`, `active`, `rank`, `title`) VALUES
(1, 'sfrith0', 'Shurlock', 'Frith', '$2b$10$lNs8PW2a8V9ZQP0mJKw9XeBDsSrImRs/ZSxohLpFua4eg4dYwzZva', 'sfrith0@imgur.com', '7991086992', 1, 1, 'Mr'),
(2, 'cendrizzi1', 'Cary', 'Endrizzi', '$2b$10$lNs8PW2a8V9ZQP0mJKw9XeBDsSrImRs/ZSxohLpFua4eg4dYwzZva', 'cendrizzi1@indiegogo.com', '5581108811', 1, 1, 'Mr'),
(3, 'ydeniset2', 'Yasmin', 'Deniset', '$2b$10$lNs8PW2a8V9ZQP0mJKw9XeBDsSrImRs/ZSxohLpFua4eg4dYwzZva', 'ydeniset2@ucoz.ru', '9930994971', 1, 1, 'Ms'),
(4, 'bspradbery3', 'Brant', 'Spradbery', '$2b$10$lNs8PW2a8V9ZQP0mJKw9XeBDsSrImRs/ZSxohLpFua4eg4dYwzZva', 'bspradbery3@dedecms.com', '7191334002', 1, 1, 'Ms'),
(5, 'lballin4', 'Lin', 'Ballin', '$2b$10$lNs8PW2a8V9ZQP0mJKw9XeBDsSrImRs/ZSxohLpFua4eg4dYwzZva', 'lballin4@epa.gov', '5705185227', 1, 1, 'Ms'),
(6, 'mplumbley5', 'Mel', 'Plumbley', '$2b$10$lNs8PW2a8V9ZQP0mJKw9XeBDsSrImRs/ZSxohLpFua4eg4dYwzZva', 'mplumbley5@behance.net', '0142731811', 1, 1, 'Mr'),
(7, 'jluxen6', 'Johna', 'Luxen', '$2b$10$lNs8PW2a8V9ZQP0mJKw9XeBDsSrImRs/ZSxohLpFua4eg4dYwzZva', 'jluxen6@epa.gov', '3539813640', 1, 1, 'Ms'),
(8, 'dfattore7', 'Don', 'Fattore', '$2b$10$lNs8PW2a8V9ZQP0mJKw9XeBDsSrImRs/ZSxohLpFua4eg4dYwzZva', 'dfattore7@ovh.net', '1714870227', 1, 1, 'Ms'),
(9, 'weagland8', 'Wallache', 'Eagland', '$2b$10$lNs8PW2a8V9ZQP0mJKw9XeBDsSrImRs/ZSxohLpFua4eg4dYwzZva', 'weagland8@smugmug.com', '2158887273', 1, 1, 'Ms'),
(10, 'adelisle9', 'Aurel', 'De Lisle', '$2b$10$lNs8PW2a8V9ZQP0mJKw9XeBDsSrImRs/ZSxohLpFua4eg4dYwzZva', 'adelisle9@diigo.com', '2313596710', 1, 1, 'Ms'),
(11, 'ocooksona', 'Ole', 'Cookson', '$2b$10$lNs8PW2a8V9ZQP0mJKw9XeBDsSrImRs/ZSxohLpFua4eg4dYwzZva', 'ocooksona@cam.ac.uk', '4226507436', 1, 1, 'Ms'),
(12, 'cardernb', 'Corrianne', 'Ardern', '$2b$10$lNs8PW2a8V9ZQP0mJKw9XeBDsSrImRs/ZSxohLpFua4eg4dYwzZva', 'cardernb@berkeley.edu', '9711097184', 1, 1, 'Ms'),
(13, 'jverlindec', 'Jessee', 'Verlinde', '$2b$10$lNs8PW2a8V9ZQP0mJKw9XeBDsSrImRs/ZSxohLpFua4eg4dYwzZva', 'jverlindec@ca.gov', '8055934541', 1, 1, 'Mr'),
(14, 'felstond', 'Felice', 'Elston', '$2b$10$lNs8PW2a8V9ZQP0mJKw9XeBDsSrImRs/ZSxohLpFua4eg4dYwzZva', 'felstond@china.com.cn', '2640050125', 1, 1, 'Mr'),
(15, 'csturridgee', 'Clarinda', 'Sturridge', '$2b$10$lNs8PW2a8V9ZQP0mJKw9XeBDsSrImRs/ZSxohLpFua4eg4dYwzZva', 'csturridgee@craigslist.org', '0101506066', 1, 1, 'Mr'),
(16, 'nmartschikf', 'Nadya', 'Martschik', '$2b$10$lNs8PW2a8V9ZQP0mJKw9XeBDsSrImRs/ZSxohLpFua4eg4dYwzZva', 'nmartschikf@latimes.com', '9797400603', 1, 1, 'Mr'),
(17, 'abeaneyg', 'Addi', 'Beaney', '$2b$10$lNs8PW2a8V9ZQP0mJKw9XeBDsSrImRs/ZSxohLpFua4eg4dYwzZva', 'abeaneyg@paypal.com', '9408888693', 1, 1, 'Ms'),
(18, 'psurgeonh', 'Philly', 'Surgeon', '$2b$10$lNs8PW2a8V9ZQP0mJKw9XeBDsSrImRs/ZSxohLpFua4eg4dYwzZva', 'psurgeonh@cnbc.com', '1573634808', 1, 1, 'Ms'),
(19, 'lcoburni', 'Linnea', 'Coburn', '$2b$10$lNs8PW2a8V9ZQP0mJKw9XeBDsSrImRs/ZSxohLpFua4eg4dYwzZva', 'lcoburni@newyorker.com', '4327627909', 1, 1, 'Ms'),
(20, 'fdumbeltonj', 'Fair', 'Dumbelton', '$2b$10$lNs8PW2a8V9ZQP0mJKw9XeBDsSrImRs/ZSxohLpFua4eg4dYwzZva', 'fdumbeltonj@yolasite.com', '5337232185', 1, 1, 'Ms'),
(21, 'fhartzogk', 'Fidelio', 'Hartzog', '$2b$10$lNs8PW2a8V9ZQP0mJKw9XeBDsSrImRs/ZSxohLpFua4eg4dYwzZva', 'fhartzogk@ycombinator.com', '6480483693', 1, 1, 'Ms'),
(22, 'bgirvanl', 'Bearnard', 'Girvan', '$2b$10$lNs8PW2a8V9ZQP0mJKw9XeBDsSrImRs/ZSxohLpFua4eg4dYwzZva', 'bgirvanl@prnewswire.com', '1251980899', 1, 1, 'Mr'),
(23, 'bbatropm', 'Bree', 'Batrop', '$2b$10$lNs8PW2a8V9ZQP0mJKw9XeBDsSrImRs/ZSxohLpFua4eg4dYwzZva', 'bbatropm@zdnet.com', '1686812817', 1, 1, 'Ms'),
(24, 'nbandn', 'Nissa', 'Band', '$2b$10$lNs8PW2a8V9ZQP0mJKw9XeBDsSrImRs/ZSxohLpFua4eg4dYwzZva', 'nbandn@miitbeian.gov.cn', '1148487816', 1, 1, 'Mr'),
(25, 'ipinningtono', 'Inessa', 'Pinnington', '$2b$10$lNs8PW2a8V9ZQP0mJKw9XeBDsSrImRs/ZSxohLpFua4eg4dYwzZva', 'ipinningtono@blogger.com', '7435693448', 1, 1, 'Mr');

--
-- Indexes for dumped tables
--

--
-- Indexes for table `answer`
--
ALTER TABLE `answer`
  ADD PRIMARY KEY (`answer_id`);

--
-- Indexes for table `generated_assessment`
--
ALTER TABLE `generated_assessment`
  ADD PRIMARY KEY (`Assessment_id`);

--
-- Indexes for table `grade`
--
ALTER TABLE `grade`
  ADD PRIMARY KEY (`grade_id`);

--
-- Indexes for table `newsletters`
--
ALTER TABLE `newsletters`
  ADD PRIMARY KEY (`news_id`);

--
-- Indexes for table `pdf_assessment`
--
ALTER TABLE `pdf_assessment`
  ADD PRIMARY KEY (`Assessment_id`);

--
-- Indexes for table `question`
--
ALTER TABLE `question`
  ADD PRIMARY KEY (`question_id`);

--
-- Indexes for table `receptionist`
--
ALTER TABLE `receptionist`
  ADD PRIMARY KEY (`id`);

--
-- Indexes for table `results`
--
ALTER TABLE `results`
  ADD PRIMARY KEY (`results_id`);

--
-- Indexes for table `student`
--
ALTER TABLE `student`
  ADD PRIMARY KEY (`id`);

--
-- Indexes for table `subject`
--
ALTER TABLE `subject`
  ADD PRIMARY KEY (`subject_id`);

--
-- Indexes for table `submissions`
--
ALTER TABLE `submissions`
  ADD PRIMARY KEY (`submission_id`);

--
-- Indexes for table `teacher`
--
ALTER TABLE `teacher`
  ADD PRIMARY KEY (`id`);

--
-- AUTO_INCREMENT for dumped tables
--

--
-- AUTO_INCREMENT for table `answer`
--
ALTER TABLE `answer`
  MODIFY `answer_id` int(11) NOT NULL AUTO_INCREMENT;

--
-- AUTO_INCREMENT for table `generated_assessment`
--
ALTER TABLE `generated_assessment`
  MODIFY `Assessment_id` int(11) NOT NULL AUTO_INCREMENT, AUTO_INCREMENT=10;

--
-- AUTO_INCREMENT for table `grade`
--
ALTER TABLE `grade`
  MODIFY `grade_id` int(11) NOT NULL AUTO_INCREMENT, AUTO_INCREMENT=13;

--
-- AUTO_INCREMENT for table `newsletters`
--
ALTER TABLE `newsletters`
  MODIFY `news_id` int(11) NOT NULL AUTO_INCREMENT, AUTO_INCREMENT=8;

--
-- AUTO_INCREMENT for table `pdf_assessment`
--
ALTER TABLE `pdf_assessment`
  MODIFY `Assessment_id` int(11) NOT NULL AUTO_INCREMENT, AUTO_INCREMENT=27;

--
-- AUTO_INCREMENT for table `question`
--
ALTER TABLE `question`
  MODIFY `question_id` int(11) NOT NULL AUTO_INCREMENT;

--
-- AUTO_INCREMENT for table `receptionist`
--
ALTER TABLE `receptionist`
  MODIFY `id` int(11) NOT NULL AUTO_INCREMENT, AUTO_INCREMENT=3;

--
-- AUTO_INCREMENT for table `results`
--
ALTER TABLE `results`
  MODIFY `results_id` int(11) NOT NULL AUTO_INCREMENT;

--
-- AUTO_INCREMENT for table `student`
--
ALTER TABLE `student`
  MODIFY `id` int(11) NOT NULL AUTO_INCREMENT, AUTO_INCREMENT=1001;

--
-- AUTO_INCREMENT for table `subject`
--
ALTER TABLE `subject`
  MODIFY `subject_id` int(11) NOT NULL AUTO_INCREMENT, AUTO_INCREMENT=66;

--
-- AUTO_INCREMENT for table `submissions`
--
ALTER TABLE `submissions`
  MODIFY `submission_id` int(11) NOT NULL AUTO_INCREMENT, AUTO_INCREMENT=12;

--
-- AUTO_INCREMENT for table `teacher`
--
ALTER TABLE `teacher`
  MODIFY `id` int(11) NOT NULL AUTO_INCREMENT, AUTO_INCREMENT=26;
COMMIT;

/*!40101 SET CHARACTER_SET_CLIENT=@OLD_CHARACTER_SET_CLIENT */;
/*!40101 SET CHARACTER_SET_RESULTS=@OLD_CHARACTER_SET_RESULTS */;
/*!40101 SET COLLATION_CONNECTION=@OLD_COLLATION_CONNECTION */;
